title,rental_date,rating,length,rental_duration,special_features,category_id,name
"ACADEMY DINOSAUR","2005-07-08 19:03:15",PG,86,6,"Deleted Scenes,Behind the Scenes",6,Documentary
"ACE GOLDFINGER","2005-08-01 04:24:47",G,48,3,"Trailers,Deleted Scenes",11,Horror
"ADAPTATION HOLES","2005-07-27 01:21:19",NC-17,50,7,"Trailers,Deleted Scenes",6,Documentary
"AFFAIR PREJUDICE","2005-07-12 02:40:41",G,117,5,"Commentaries,Behind the Scenes",11,Horror
"AFRICAN EGG","2005-05-28 07:53:38",G,130,6,"Deleted Scenes",8,Family
"AGENT TRUMAN","2005-05-26 23:23:56",PG,169,3,"Deleted Scenes",9,Foreign
"AIRPLANE SIERRA","2005-08-02 07:34:19",PG-13,62,6,"Trailers,Deleted Scenes",5,Comedy
"AIRPORT POLLOCK","2005-05-25 19:37:47",R,54,6,Trailers,11,Horror
"ALABAMA DEVIL","2005-07-10 12:10:11",PG-13,114,3,"Trailers,Deleted Scenes",11,Horror
"ALADDIN CALENDAR","2005-06-17 08:06:53",NC-17,63,6,"Trailers,Deleted Scenes",15,Sports
"ALAMO VIDEOTAPE","2005-05-28 09:10:49",G,126,6,"Commentaries,Behind the Scenes",9,Foreign
"ALASKA PHANTOM","2005-07-26 23:13:34",PG,136,6,"Commentaries,Deleted Scenes",12,Music
"ALI FOREVER","2005-07-31 18:11:17",PG,150,4,"Deleted Scenes,Behind the Scenes",11,Horror
"ALICE FANTASIA",NULL,NC-17,94,6,"Trailers,Deleted Scenes,Behind the Scenes",4,Classics
"ALIEN CENTER","2005-05-28 02:06:37",NC-17,46,5,"Trailers,Commentaries,Behind the Scenes",9,Foreign
"ALLEY EVOLUTION","2005-07-31 20:49:13",NC-17,180,6,"Trailers,Commentaries",9,Foreign
"ALONE TRIP","2005-08-01 14:39:15",R,82,3,"Trailers,Behind the Scenes",12,Music
"ALTER VICTORY","2005-05-28 21:31:08",PG-13,57,6,"Trailers,Behind the Scenes",2,Animation
"AMADEUS HOLY","2005-08-02 01:16:59",PG,113,6,"Commentaries,Deleted Scenes,Behind the Scenes",1,Action
"AMELIE HELLFIGHTERS","2005-06-18 01:57:56",R,79,4,"Commentaries,Deleted Scenes,Behind the Scenes",12,Music
"AMERICAN CIRCUS","2005-05-26 08:04:38",R,129,3,"Commentaries,Behind the Scenes",1,Action
"AMISTAD MIDSUMMER","2005-06-15 07:29:59",G,85,6,"Commentaries,Behind the Scenes",13,New
"ANACONDA CONFESSIONS","2005-06-15 14:05:32",R,92,3,"Trailers,Deleted Scenes",2,Animation
"ANALYZE HOOSIERS","2005-06-20 11:13:01",R,181,6,"Trailers,Behind the Scenes",11,Horror
"ANGELS LIFE","2005-07-06 15:41:27",G,74,3,Trailers,13,New
"ANNIE IDENTITY","2005-05-29 02:11:44",G,86,3,"Commentaries,Deleted Scenes",14,Sci-Fi
"ANONYMOUS HUMAN","2005-06-17 01:17:31",NC-17,179,7,"Deleted Scenes,Behind the Scenes",15,Sports
"ANTHEM LUKE","2005-05-25 14:57:22",PG-13,91,5,"Deleted Scenes,Behind the Scenes",5,Comedy
"ANTITRUST TOMATOES","2005-05-31 16:48:43",NC-17,168,5,"Trailers,Commentaries,Deleted Scenes",1,Action
"ANYTHING SAVANNAH","2005-06-16 14:11:24",R,82,4,"Trailers,Deleted Scenes,Behind the Scenes",11,Horror
"APACHE DIVINE","2005-05-25 01:59:46",NC-17,92,5,"Commentaries,Deleted Scenes,Behind the Scenes",8,Family
"APOCALYPSE FLAMINGOS","2005-07-27 00:51:38",R,119,6,"Trailers,Commentaries",13,New
"APOLLO TEEN",NULL,PG-13,153,5,"Trailers,Commentaries,Deleted Scenes,Behind the Scenes",7,Drama
"ARABIA DOGMA","2005-08-01 17:07:16",NC-17,62,6,"Commentaries,Deleted Scenes",11,Horror
"ARACHNOPHOBIA ROLLERCOASTER","2005-07-29 14:56:21",PG-13,147,4,"Trailers,Deleted Scenes,Behind the Scenes",11,Horror
"ARGONAUTS TOWN",NULL,PG-13,127,7,"Trailers,Commentaries",2,Animation
"ARIZONA BANG","2005-08-02 21:36:46",PG,121,3,"Trailers,Deleted Scenes",4,Classics
"ARK RIDGEMONT",NULL,NC-17,68,6,"Trailers,Commentaries,Deleted Scenes,Behind the Scenes",1,Action
"ARMAGEDDON LOST","2005-07-12 10:39:22",G,99,5,Trailers,14,Sci-Fi
"ARMY FLINTSTONES","2005-08-02 18:14:12",R,148,4,"Trailers,Commentaries",6,Documentary
"ARSENIC INDEPENDENCE",NULL,PG,137,4,"Trailers,Deleted Scenes,Behind the Scenes",16,Travel
"ARTIST COLDBLOODED","2005-06-16 14:01:27",NC-17,170,5,"Trailers,Behind the Scenes",15,Sports
"ATLANTIS CAUSE","2005-06-20 18:41:47",G,170,6,"Behind the Scenes",8,Family
"ATTACKS HATE","2005-07-10 03:23:05",PG-13,113,5,"Trailers,Behind the Scenes",14,Sci-Fi
"ATTRACTION NEWTON","2005-06-19 04:56:27",PG-13,83,5,"Trailers,Behind the Scenes",13,New
"AUTUMN CROW","2005-05-26 16:20:56",G,108,3,"Trailers,Commentaries,Deleted Scenes,Behind the Scenes",10,Games
"BABY HALL","2005-05-31 21:32:17",NC-17,153,5,Commentaries,9,Foreign
"BACKLASH UNDEFEATED","2005-05-25 20:46:11",PG-13,118,3,"Trailers,Behind the Scenes",3,Children
"BADMAN DAWN","2005-06-19 04:04:46",R,162,6,"Trailers,Commentaries,Behind the Scenes",14,Sci-Fi
"BAKED CLEOPATRA","2005-07-29 16:19:17",G,182,3,"Commentaries,Behind the Scenes",8,Family
"BALLOON HOMEWARD","2005-05-28 22:04:03",NC-17,75,5,"Deleted Scenes",12,Music
"BALLROOM MOCKINGBIRD","2005-07-12 12:48:03",G,173,6,"Commentaries,Deleted Scenes",9,Foreign
"BANG KWAI","2005-06-16 00:17:39",NC-17,87,5,"Commentaries,Deleted Scenes,Behind the Scenes",8,Family
"BANGER PINOCCHIO","2005-06-21 02:25:00",R,113,5,"Trailers,Commentaries,Deleted Scenes",12,Music
"BARBARELLA STREETCAR","2005-05-29 06:12:38",G,65,6,"Behind the Scenes",14,Sci-Fi
"BAREFOOT MANCHURIAN","2005-06-21 08:00:49",G,129,6,"Trailers,Commentaries",1,Action
"BASIC EASY","2005-06-15 01:58:50",PG-13,90,4,"Deleted Scenes",16,Travel
"BEACH HEARTBREAKERS","2005-06-19 03:07:02",G,122,6,"Deleted Scenes,Behind the Scenes",6,Documentary
"BEAR GRACELAND","2005-07-10 04:33:45",R,160,4,"Deleted Scenes",3,Children
"BEAST HUNCHBACK","2005-06-16 01:28:22",R,89,3,"Deleted Scenes,Behind the Scenes",4,Classics
"BEAUTY GREASE","2005-06-16 10:07:10",G,175,5,"Trailers,Commentaries",7,Drama
"BED HIGHBALL","2005-07-11 10:29:21",NC-17,106,5,"Trailers,Commentaries,Deleted Scenes",6,Documentary
"BEDAZZLED MARRIED","2005-05-28 15:33:28",PG,73,6,"Trailers,Deleted Scenes,Behind the Scenes",8,Family
"BEETHOVEN EXORCIST","2005-06-15 14:48:04",PG-13,151,6,"Commentaries,Behind the Scenes",7,Drama
"BEHAVIOR RUNAWAY","2005-06-21 00:51:06",PG,100,3,"Trailers,Deleted Scenes,Behind the Scenes",11,Horror
"BENEATH RUSH","2005-06-21 03:01:10",NC-17,53,6,"Commentaries,Deleted Scenes",3,Children
"BERETS AGENT","2005-07-06 21:39:24",PG-13,77,5,"Deleted Scenes",1,Action
"BETRAYED REAR","2005-08-02 04:49:02",NC-17,122,5,"Commentaries,Deleted Scenes,Behind the Scenes",3,Children
"BEVERLY OUTLAW","2005-07-07 09:04:26",R,85,3,Trailers,14,Sci-Fi
"BIKINI BORROWERS","2005-06-21 10:37:11",NC-17,142,7,"Commentaries,Deleted Scenes",2,Animation
"BILKO ANONYMOUS","2005-05-31 14:03:21",PG-13,100,3,"Commentaries,Deleted Scenes,Behind the Scenes",8,Family
"BILL OTHERS","2005-06-18 03:21:36",PG,93,6,"Trailers,Commentaries",6,Documentary
"BINGO TALENTED","2005-06-17 22:26:23",PG-13,150,5,"Trailers,Commentaries",14,Sci-Fi
"BIRCH ANTITRUST","2005-08-02 08:21:27",PG,162,4,"Trailers,Commentaries,Deleted Scenes",12,Music
"BIRD INDEPENDENCE","2005-05-27 21:10:03",G,163,6,"Commentaries,Behind the Scenes",16,Travel
"BIRDCAGE CASPER","2005-07-06 15:18:44",NC-17,103,4,"Commentaries,Deleted Scenes,Behind the Scenes",12,Music
"BIRDS PERDITION","2005-07-10 13:15:26",G,61,5,"Trailers,Behind the Scenes",13,New
"BLACKOUT PRIVATE","2005-06-20 23:27:15",PG,85,7,"Trailers,Deleted Scenes",2,Animation
"BLADE POLISH","2005-07-30 11:47:48",PG-13,114,5,"Trailers,Behind the Scenes",7,Drama
"BLANKET BEVERLY","2005-07-07 22:28:32",G,148,7,Trailers,8,Family
"BLINDNESS GUN","2005-05-26 14:30:24",PG-13,103,6,"Trailers,Behind the Scenes",14,Sci-Fi
"BLOOD ARGONAUTS","2005-05-29 02:26:27",G,71,3,"Trailers,Commentaries,Behind the Scenes",8,Family
"BLUES INSTINCT","2005-06-15 12:43:43",G,50,5,"Trailers,Deleted Scenes,Behind the Scenes",8,Family
"BOILED DARES","2005-05-29 16:44:08",PG,102,7,"Trailers,Commentaries",16,Travel
"BONNIE HOLOCAUST","2005-06-16 12:11:20",G,63,4,"Deleted Scenes",6,Documentary
"BOOGIE AMELIE","2005-05-30 07:13:14",R,121,6,"Commentaries,Behind the Scenes",12,Music
"BOONDOCK BALLROOM",NULL,NC-17,76,7,"Behind the Scenes",16,Travel
"BORN SPINAL","2005-07-08 00:34:25",PG,179,7,"Trailers,Commentaries,Deleted Scenes",16,Travel
"BORROWERS BEDAZZLED","2005-05-25 21:48:30",G,63,7,"Commentaries,Deleted Scenes,Behind the Scenes",2,Animation
"BOULEVARD MOB","2005-07-29 15:49:48",R,63,3,Trailers,13,New
"BOUND CHEAPER","2005-08-01 10:53:16",PG,98,5,"Behind the Scenes",4,Classics
"BOWFINGER GABLES","2005-07-07 18:22:30",NC-17,72,7,"Trailers,Deleted Scenes",11,Horror
"BRANNIGAN SUNRISE","2005-08-02 15:10:06",PG,121,4,Trailers,13,New
"BRAVEHEART HUMAN","2005-07-31 09:29:33",PG-13,176,7,"Trailers,Deleted Scenes",8,Family
"BREAKFAST GOLDFINGER","2005-06-17 17:17:19",G,123,5,"Trailers,Commentaries,Deleted Scenes",13,New
"BREAKING HOME","2005-07-12 05:22:06",PG-13,169,4,"Trailers,Commentaries",13,New
"BRIDE INTRIGUE","2005-07-09 20:55:47",G,56,7,"Trailers,Commentaries,Behind the Scenes",1,Action
"BRIGHT ENCOUNTERS","2005-06-21 00:34:56",PG-13,73,4,Trailers,7,Drama
"BRINGING HYSTERICAL","2005-07-08 16:08:51",PG,136,7,Trailers,5,Comedy
"BROOKLYN DESERT","2005-05-29 14:07:58",R,161,7,Commentaries,9,Foreign
"BROTHERHOOD BLANKET","2005-06-16 09:17:07",R,73,3,"Behind the Scenes",6,Documentary
"BUBBLE GROSSE","2005-06-18 20:06:05",R,60,4,"Trailers,Commentaries,Deleted Scenes,Behind the Scenes",15,Sports
"BUCKET BROTHERHOOD","2005-07-11 11:46:57",PG,133,7,"Commentaries,Deleted Scenes",16,Travel
"BUGSY SONG","2005-05-28 13:06:50",G,119,4,Commentaries,9,Foreign
"BULL SHAWSHANK","2005-07-08 07:44:49",NC-17,125,6,"Deleted Scenes",1,Action
"BULWORTH COMMANDMENTS","2005-06-17 02:25:12",G,61,4,Trailers,10,Games
"BUNCH MINDS","2005-07-09 15:11:41",G,63,4,"Behind the Scenes",7,Drama
"BUTCH PANTHER",NULL,PG-13,67,6,"Trailers,Commentaries,Deleted Scenes",13,New
"BUTTERFLY CHOCOLAT","2005-05-26 20:20:47",G,89,3,"Behind the Scenes",13,New
"CABIN FLASH","2005-06-21 20:39:39",NC-17,53,4,"Commentaries,Deleted Scenes",3,Children
"CADDYSHACK JEDI","2005-05-31 07:58:06",NC-17,52,3,"Commentaries,Deleted Scenes",1,Action
"CALENDAR GUNFIGHT","2005-07-12 15:16:00",NC-17,120,4,"Trailers,Commentaries,Behind the Scenes",9,Foreign
"CALIFORNIA BIRDS","2005-07-28 14:16:14",NC-17,75,4,"Trailers,Commentaries,Deleted Scenes",15,Sports
"CAMELOT VACATION","2005-06-17 21:28:14",NC-17,61,3,"Trailers,Commentaries,Deleted Scenes,Behind the Scenes",14,Sci-Fi
"CAMPUS REMEMBER","2005-08-02 18:24:03",R,167,5,"Behind the Scenes",1,Action
"CANDIDATE PERDITION","2005-08-02 08:25:14",R,70,4,"Deleted Scenes,Behind the Scenes",4,Classics
"CANDLES GRAPES","2005-07-07 06:39:43",NC-17,135,6,"Trailers,Deleted Scenes",10,Games
"CANYON STOCK","2005-06-21 12:25:07",R,85,7,"Trailers,Deleted Scenes",2,Animation
"CAPER MOTIONS","2005-08-01 19:39:08",G,176,6,"Trailers,Commentaries,Deleted Scenes",5,Comedy
"CARIBBEAN LIBERTY","2005-07-29 10:29:16",NC-17,92,3,"Commentaries,Deleted Scenes",15,Sports
"CAROL TEXAS","2005-07-27 19:36:15",PG,151,4,"Trailers,Behind the Scenes",2,Animation
"CARRIE BUNCH","2005-06-21 18:31:09",PG,114,7,"Trailers,Commentaries,Behind the Scenes",11,Horror
"CASABLANCA SUPER","2005-08-01 02:20:01",G,85,6,"Trailers,Deleted Scenes,Behind the Scenes",16,Travel
"CASPER DRAGONFLY","2005-08-01 03:38:42",PG-13,163,3,Trailers,3,Children
"CASSIDY WYOMING","2005-07-08 10:04:24",NC-17,61,5,"Commentaries,Behind the Scenes",16,Travel
"CASUALTIES ENCINO","2005-07-30 19:27:05",G,179,3,Trailers,1,Action
"CAT CONEHEADS","2005-06-20 04:20:14",G,112,5,"Commentaries,Deleted Scenes",5,Comedy
"CATCH AMISTAD",NULL,G,183,7,"Trailers,Behind the Scenes",9,Foreign
"CAUSE DATE","2005-08-01 04:22:49",R,179,3,"Commentaries,Deleted Scenes,Behind the Scenes",6,Documentary
"CELEBRITY HORN","2005-07-06 05:03:11",PG-13,110,7,"Deleted Scenes,Behind the Scenes",1,Action
"CENTER DINOSAUR","2005-05-29 08:30:36",PG,152,5,"Deleted Scenes",4,Classics
"CHAINSAW UPTOWN","2005-07-31 18:02:41",PG,114,6,"Deleted Scenes,Behind the Scenes",14,Sci-Fi
"CHAMBER ITALIAN","2005-07-07 17:52:38",NC-17,117,7,Trailers,12,Music
"CHAMPION FLATLINERS","2005-06-20 10:00:51",PG,51,4,Trailers,2,Animation
"CHANCE RESURRECTION","2005-05-27 15:19:38",R,70,3,"Commentaries,Deleted Scenes,Behind the Scenes",15,Sports
"CHAPLIN LICENSE","2005-07-12 09:16:46",NC-17,146,7,"Behind the Scenes",13,New
"CHARADE DUFFEL","2005-07-10 21:41:23",PG,66,3,"Trailers,Deleted Scenes,Behind the Scenes",14,Sci-Fi
"CHARIOTS CONSPIRACY","2005-05-26 00:17:50",R,71,5,"Deleted Scenes,Behind the Scenes",14,Sci-Fi
"CHASING FIGHT","2005-05-28 13:21:08",PG,114,7,"Trailers,Commentaries",8,Family
"CHEAPER CLYDE","2005-05-28 08:53:02",G,87,6,"Trailers,Commentaries,Behind the Scenes",14,Sci-Fi
"CHICAGO NORTH","2005-08-01 17:11:57",PG-13,185,6,"Deleted Scenes,Behind the Scenes",10,Games
"CHICKEN HELLFIGHTERS","2005-06-15 03:50:03",PG,122,3,"Trailers,Commentaries,Deleted Scenes,Behind the Scenes",6,Documentary
"CHILL LUCK","2005-06-20 20:44:15",PG,142,6,"Trailers,Commentaries,Deleted Scenes",7,Drama
"CHINATOWN GLADIATOR",NULL,PG,61,7,"Trailers,Commentaries,Deleted Scenes",13,New
"CHISUM BEHAVIOR","2005-05-31 19:34:52",G,124,5,"Trailers,Commentaries,Behind the Scenes",8,Family
"CHITTY LOCK","2005-07-12 17:33:53",G,107,6,Commentaries,7,Drama
"CHOCOLAT HARRY","2005-06-19 18:14:20",NC-17,101,5,"Commentaries,Behind the Scenes",8,Family
"CHOCOLATE DUCK",NULL,R,132,3,"Trailers,Commentaries,Behind the Scenes",9,Foreign
"CHRISTMAS MOONSHINE","2005-07-29 02:00:18",NC-17,150,7,"Trailers,Commentaries,Behind the Scenes",3,Children
"CIDER DESIRE","2005-08-02 09:08:59",PG,101,7,"Behind the Scenes",6,Documentary
"CINCINATTI WHISPERER","2005-08-02 04:10:52",NC-17,143,5,"Deleted Scenes",14,Sci-Fi
"CIRCUS YOUTH","2005-06-16 07:49:47",PG-13,90,5,"Trailers,Deleted Scenes,Behind the Scenes",3,Children
"CITIZEN SHREK","2005-06-15 08:13:57",G,165,7,"Commentaries,Deleted Scenes",14,Sci-Fi
"CLASH FREDDY","2005-07-10 04:33:13",G,81,6,"Commentaries,Deleted Scenes",2,Animation
"CLEOPATRA DEVIL","2005-05-31 00:47:56",PG-13,150,6,"Trailers,Deleted Scenes,Behind the Scenes",13,New
"CLERKS ANGELS","2005-07-27 02:14:40",G,164,3,Commentaries,6,Documentary
"CLOCKWORK PARADISE","2005-06-16 02:35:03",PG-13,143,7,"Trailers,Commentaries,Deleted Scenes,Behind the Scenes",3,Children
"CLONES PINOCCHIO","2005-05-30 12:55:36",R,124,6,"Behind the Scenes",12,Music
"CLOSER BANG","2005-07-09 17:39:30",R,58,5,"Trailers,Behind the Scenes",5,Comedy
"CLUB GRAFFITI","2005-06-18 15:27:47",PG-13,65,4,"Trailers,Deleted Scenes",2,Animation
"CLUE GRAIL","2005-06-21 03:16:36",NC-17,70,6,"Trailers,Commentaries,Behind the Scenes",12,Music
"CLUELESS BUCKET","2005-07-31 21:14:02",R,95,4,"Trailers,Deleted Scenes,Behind the Scenes",1,Action
"CLYDE THEORY","2005-07-07 09:17:26",PG-13,139,4,"Commentaries,Deleted Scenes,Behind the Scenes",13,New
"COAST RAINBOW","2005-08-02 20:33:37",PG,55,4,"Trailers,Commentaries,Deleted Scenes,Behind the Scenes",6,Documentary
"COLDBLOODED DARLING","2005-06-15 16:21:04",G,70,7,"Trailers,Deleted Scenes",14,Sci-Fi
"COLOR PHILADELPHIA","2005-07-08 07:19:11",G,149,6,"Commentaries,Behind the Scenes",4,Classics
"COMA HEAD","2005-05-26 08:34:41",NC-17,109,6,Commentaries,16,Travel
"COMANCHEROS ENEMY","2005-06-15 14:05:11",R,67,5,"Trailers,Behind the Scenes",3,Children
"COMFORTS RUSH","2005-07-07 13:59:20",NC-17,76,3,"Commentaries,Behind the Scenes",16,Travel
"COMMAND DARLING","2005-07-30 04:38:49",PG-13,120,5,"Behind the Scenes",9,Foreign
"COMMANDMENTS EXPRESS",NULL,R,59,6,"Trailers,Commentaries,Deleted Scenes",11,Horror
"CONEHEADS SMOOCHY","2005-07-07 22:06:24",NC-17,112,7,"Deleted Scenes,Behind the Scenes",7,Drama
"CONFESSIONS MAGUIRE","2005-07-30 06:18:38",PG-13,65,7,"Behind the Scenes",7,Drama
"CONFIDENTIAL INTERVIEW","2005-07-12 18:24:31",NC-17,180,6,Commentaries,12,Music
"CONFUSED CANDLES","2005-08-01 14:18:57",PG-13,122,3,"Trailers,Commentaries,Deleted Scenes,Behind the Scenes",8,Family
"CONGENIALITY QUEST","2005-07-07 13:51:54",PG-13,87,6,"Commentaries,Behind the Scenes",15,Sports
"CONNECTICUT TRAMP","2005-06-17 18:14:08",R,172,4,"Commentaries,Deleted Scenes",14,Sci-Fi
"CONNECTION MICROCOSMOS","2005-07-28 12:05:25",G,115,6,"Deleted Scenes,Behind the Scenes",5,Comedy
"CONQUERER NUTS","2005-05-29 03:18:19",G,173,4,"Commentaries,Deleted Scenes,Behind the Scenes",7,Drama
"CONSPIRACY SPIRIT","2005-07-29 04:16:40",PG-13,184,4,"Trailers,Commentaries",4,Classics
"CONTACT ANONYMOUS","2005-07-11 03:34:29",PG-13,166,7,Commentaries,16,Travel
"CONTROL ANTHEM","2005-07-28 02:19:48",G,185,7,Commentaries,5,Comedy
"CONVERSATION DOWNHILL","2005-07-10 23:22:10",R,112,4,Commentaries,8,Family
"CORE SUIT","2005-07-08 17:12:51",PG-13,92,3,"Deleted Scenes",4,Classics
"COWBOY DOOM","2005-07-06 07:20:08",PG,146,3,"Commentaries,Deleted Scenes,Behind the Scenes",9,Foreign
"CRAFT OUTFIELD","2005-05-25 23:45:52",NC-17,64,6,"Deleted Scenes,Behind the Scenes",7,Drama
"CRANES RESERVOIR","2005-05-26 03:47:39",NC-17,57,5,Commentaries,15,Sports
"CRAZY HOME","2005-06-20 16:02:59",PG,136,7,"Commentaries,Deleted Scenes",5,Comedy
"CREATURES SHAKESPEARE","2005-08-01 06:26:22",NC-17,139,3,"Trailers,Deleted Scenes",10,Games
"CREEPERS KANE","2005-06-18 19:25:47",NC-17,172,5,"Trailers,Behind the Scenes",4,Classics
"CROOKED FROGMEN","2005-07-27 04:47:33",PG-13,143,6,"Commentaries,Deleted Scenes,Behind the Scenes",3,Children
"CROSSING DIVORCE",NULL,R,50,4,"Commentaries,Deleted Scenes,Behind the Scenes",9,Foreign
"CROSSROADS CASUALTIES","2005-07-08 10:38:27",G,153,5,"Trailers,Commentaries,Behind the Scenes",2,Animation
"CROW GREASE","2005-07-11 03:51:27",PG,104,6,"Trailers,Commentaries,Behind the Scenes",1,Action
"CROWDS TELEMARK",NULL,R,112,3,"Trailers,Behind the Scenes",14,Sci-Fi
"CRUELTY UNFORGIVEN","2005-08-01 04:36:53",G,69,7,"Deleted Scenes,Behind the Scenes",4,Classics
"CRUSADE HONEY","2005-05-26 01:25:21",R,112,4,Commentaries,15,Sports
"CRYSTAL BREAKING",NULL,NC-17,184,6,"Trailers,Commentaries",9,Foreign
"CUPBOARD SINNERS","2005-06-18 20:52:46",R,56,4,"Behind the Scenes",6,Documentary
"CURTAIN VIDEOTAPE","2005-07-12 18:53:37",PG-13,133,7,"Trailers,Commentaries,Deleted Scenes,Behind the Scenes",10,Games
"CYCLONE FAMILY","2005-07-12 03:35:39",PG,176,7,"Trailers,Deleted Scenes",9,Foreign
"DADDY PITTSBURGH","2005-05-26 00:28:39",G,161,5,"Deleted Scenes,Behind the Scenes",5,Comedy
"DAISY MENAGERIE","2005-06-21 13:37:18",G,84,5,"Trailers,Commentaries,Behind the Scenes",14,Sci-Fi
"DALMATIONS SWEDEN","2005-07-10 19:31:38",PG,106,4,"Trailers,Commentaries,Deleted Scenes",7,Drama
"DANCES NONE","2005-07-06 08:23:08",NC-17,58,3,"Trailers,Commentaries,Deleted Scenes,Behind the Scenes",1,Action
"DANCING FEVER","2005-07-27 12:24:12",G,144,6,"Commentaries,Behind the Scenes",6,Documentary
"DANGEROUS UPTOWN","2005-07-10 09:44:44",PG,121,7,Commentaries,9,Foreign
"DARES PLUTO","2005-05-30 01:17:45",PG-13,89,7,"Commentaries,Behind the Scenes",2,Animation
"DARKNESS WAR","2005-07-11 15:45:39",NC-17,99,6,"Deleted Scenes,Behind the Scenes",7,Drama
"DARKO DORADO","2005-07-10 04:04:29",NC-17,130,3,"Trailers,Commentaries,Deleted Scenes,Behind the Scenes",1,Action
"DARLING BREAKING","2005-06-21 06:30:13",PG-13,165,7,"Commentaries,Behind the Scenes",10,Games
"DARN FORRESTER","2005-06-15 07:55:43",G,185,7,"Deleted Scenes",1,Action
"DATE SPEED","2005-05-27 10:12:20",R,104,4,Commentaries,8,Family
"DAUGHTER MADIGAN","2005-07-06 02:17:54",PG-13,59,3,Trailers,3,Children
"DAWN POND","2005-07-08 05:08:32",PG,57,4,"Trailers,Deleted Scenes,Behind the Scenes",10,Games
"DAY UNFAITHFUL","2005-07-30 11:19:18",G,113,3,"Trailers,Commentaries,Deleted Scenes,Behind the Scenes",13,New
"DAZED PUNK",NULL,G,120,6,"Commentaries,Deleted Scenes",10,Games
"DECEIVER BETRAYED","2005-07-27 13:14:56",NC-17,122,7,"Trailers,Commentaries,Deleted Scenes,Behind the Scenes",7,Drama
"DEEP CRUSADE","2005-07-29 10:00:03",PG-13,51,6,"Commentaries,Behind the Scenes",6,Documentary
"DEER VIRGINIAN","2005-07-29 13:48:20",NC-17,106,7,"Deleted Scenes",12,Music
"DELIVERANCE MULHOLLAND",NULL,R,100,4,"Deleted Scenes",6,Documentary
"DESERT POSEIDON","2005-07-07 08:06:07",R,64,4,"Trailers,Behind the Scenes",11,Horror
"DESIRE ALIEN","2005-06-20 05:27:31",NC-17,76,7,"Deleted Scenes",2,Animation
"DESPERATE TRAINSPOTTING","2005-07-11 12:28:57",G,81,7,"Deleted Scenes",16,Travel
"DESTINATION JERK","2005-06-21 02:16:55",PG-13,76,3,"Trailers,Commentaries,Behind the Scenes",7,Drama
"DESTINY SATURDAY","2005-07-30 18:00:53",G,56,4,"Trailers,Commentaries,Behind the Scenes",13,New
"DETAILS PACKER","2005-08-02 09:27:36",R,88,4,"Commentaries,Deleted Scenes",10,Games
"DETECTIVE VISION","2005-07-30 02:04:02",PG-13,143,4,"Trailers,Commentaries,Behind the Scenes",4,Classics
"DEVIL DESIRE","2005-08-02 05:51:10",R,87,6,"Trailers,Behind the Scenes",1,Action
"DIARY PANIC","2005-05-28 22:04:30",G,107,7,"Commentaries,Behind the Scenes",7,Drama
"DINOSAUR SECRETARY","2005-08-01 18:24:51",R,63,7,"Trailers,Behind the Scenes",8,Family
"DIRTY ACE","2005-08-01 21:44:24",NC-17,147,7,"Commentaries,Deleted Scenes,Behind the Scenes",10,Games
"DISCIPLE MOTHER","2005-07-11 21:35:20",PG,141,3,"Trailers,Deleted Scenes,Behind the Scenes",16,Travel
"DISTURBING SCARFACE","2005-07-10 03:15:24",R,94,6,"Trailers,Behind the Scenes",14,Sci-Fi
"DIVIDE MONSTER","2005-06-20 04:37:45",PG-13,68,6,"Trailers,Commentaries",14,Sci-Fi
"DIVINE RESURRECTION","2005-06-15 00:45:21",R,100,4,"Trailers,Commentaries",10,Games
"DIVORCE SHINING","2005-07-29 17:12:44",G,47,3,"Trailers,Commentaries,Deleted Scenes",15,Sports
"DOCTOR GRAIL","2005-05-29 10:29:47",G,57,4,"Trailers,Commentaries,Behind the Scenes",3,Children
"DOGMA FAMILY","2005-05-29 11:37:35",G,122,5,Commentaries,2,Animation
"DOLLS RAGE","2005-05-27 13:57:38",PG-13,120,7,"Commentaries,Deleted Scenes",14,Sci-Fi
"DONNIE ALLEY","2005-07-06 10:21:49",NC-17,125,4,"Trailers,Commentaries,Behind the Scenes",2,Animation
"DOOM DANCING","2005-05-26 00:28:05",R,68,4,"Trailers,Commentaries",5,Comedy
"DOORS PRESIDENT","2005-08-02 06:26:19",NC-17,49,3,"Trailers,Commentaries,Deleted Scenes,Behind the Scenes",2,Animation
"DORADO NOTTING","2005-07-12 19:53:51",NC-17,139,5,Commentaries,12,Music
"DOUBLE WRATH","2005-05-29 17:23:43",R,177,4,"Trailers,Deleted Scenes,Behind the Scenes",2,Animation
"DOUBTFIRE LABYRINTH","2005-08-02 12:23:43",R,154,5,"Deleted Scenes,Behind the Scenes",9,Foreign
"DOWNHILL ENOUGH","2005-07-26 23:55:13",G,47,3,"Trailers,Commentaries,Deleted Scenes",5,Comedy
"DOZEN LION","2005-05-27 16:40:29",NC-17,177,6,"Commentaries,Deleted Scenes,Behind the Scenes",6,Documentary
"DRACULA CRYSTAL","2005-06-17 00:32:26",G,176,7,Commentaries,4,Classics
"DRAGON SQUAD","2005-07-11 23:08:06",NC-17,170,4,"Deleted Scenes,Behind the Scenes",1,Action
"DRAGONFLY STRANGERS","2005-05-26 11:19:20",NC-17,133,6,"Trailers,Behind the Scenes",13,New
"DREAM PICKUP","2005-07-30 23:31:31",PG,135,6,"Trailers,Commentaries,Behind the Scenes",1,Action
"DRIFTER COMMANDMENTS","2005-07-10 00:54:46",PG-13,61,5,"Trailers,Behind the Scenes",1,Action
"DRIVER ANNIE","2005-07-06 16:26:04",PG-13,159,4,"Trailers,Deleted Scenes,Behind the Scenes",15,Sports
"DRIVING POLISH","2005-07-27 16:00:00",NC-17,175,6,"Trailers,Deleted Scenes",12,Music
"DROP WATERFRONT","2005-07-27 04:42:08",R,178,6,"Trailers,Commentaries",15,Sports
"DRUMLINE CYCLONE","2005-05-25 09:35:12",G,110,3,"Commentaries,Deleted Scenes,Behind the Scenes",16,Travel
"DRUMS DYNAMITE","2005-08-01 18:41:34",PG,96,6,Trailers,11,Horror
"DUCK RACER","2005-07-29 12:58:52",NC-17,116,4,"Behind the Scenes",2,Animation
"DUDE BLINDNESS","2005-08-01 11:16:05",G,132,3,"Trailers,Deleted Scenes",15,Sports
"DUFFEL APOCALYPSE","2005-07-10 08:10:08",G,171,5,Commentaries,6,Documentary
"DUMBO LUST","2005-07-09 14:55:07",NC-17,119,5,"Behind the Scenes",8,Family
"DURHAM PANKY","2005-06-18 12:25:29",R,154,6,"Trailers,Commentaries",15,Sports
"DWARFS ALTER","2005-05-30 03:09:11",G,101,6,"Commentaries,Deleted Scenes",10,Games
"DYING MAKER","2005-05-29 13:19:43",PG,168,5,"Behind the Scenes",5,Comedy
"DYNAMITE TARZAN","2005-07-08 06:26:04",PG-13,141,4,"Deleted Scenes",4,Classics
"EAGLES PANKY","2005-06-19 14:50:19",NC-17,140,4,"Trailers,Commentaries,Behind the Scenes",13,New
"EARLY HOME","2005-05-26 16:16:21",NC-17,96,6,"Trailers,Commentaries,Behind the Scenes",2,Animation
"EARRING INSTINCT","2005-05-26 18:49:35",R,98,3,"Behind the Scenes",8,Family
"EARTH VISION","2005-07-12 19:20:45",NC-17,85,7,"Trailers,Commentaries,Deleted Scenes",13,New
"EASY GLADIATOR","2005-05-26 17:16:07",G,148,5,"Trailers,Commentaries,Behind the Scenes",1,Action
"EDGE KISSING","2005-07-08 10:30:36",NC-17,153,5,"Deleted Scenes",7,Drama
"EFFECT GLADIATOR","2005-05-28 15:18:18",PG,107,6,Commentaries,8,Family
"EGG IGBY","2005-07-06 09:54:12",PG,67,4,"Commentaries,Behind the Scenes",6,Documentary
"EGYPT TENENBAUMS","2005-07-07 20:29:08",PG,85,3,"Commentaries,Deleted Scenes,Behind the Scenes",11,Horror
"ELEMENT FREDDY","2005-07-28 22:22:35",NC-17,115,6,"Commentaries,Behind the Scenes",5,Comedy
"ELEPHANT TROJAN","2005-05-31 05:23:47",PG-13,126,4,"Behind the Scenes",11,Horror
"ELF MURDER","2005-07-28 00:08:36",NC-17,155,4,"Trailers,Commentaries,Behind the Scenes",12,Music
"ELIZABETH SHANE","2005-05-30 02:10:32",NC-17,152,7,"Trailers,Deleted Scenes,Behind the Scenes",15,Sports
"EMPIRE MALKOVICH","2005-07-31 02:04:58",G,177,7,"Deleted Scenes",3,Children
"ENCINO ELF","2005-06-17 07:16:46",G,143,6,"Trailers,Behind the Scenes",10,Games
"ENCOUNTERS CURTAIN","2005-07-06 04:38:50",NC-17,92,5,Trailers,7,Drama
"ENDING CROWDS","2005-05-30 15:01:02",NC-17,85,6,"Commentaries,Behind the Scenes",13,New
"ENEMY ODDS","2005-05-31 21:29:00",NC-17,77,5,Trailers,12,Music
"ENGLISH BULWORTH","2005-05-27 10:26:31",PG-13,51,3,"Deleted Scenes",14,Sci-Fi
"ENOUGH RAGING","2005-07-06 01:47:20",NC-17,158,7,Commentaries,16,Travel
"ENTRAPMENT SATISFACTION","2005-05-28 14:15:54",R,176,5,"Commentaries,Deleted Scenes,Behind the Scenes",1,Action
"ESCAPE METROPOLIS","2005-06-15 09:56:02",R,167,7,Trailers,16,Travel
"EVE RESURRECTION","2005-07-09 14:02:50",G,66,5,"Trailers,Commentaries,Deleted Scenes",13,New
"EVERYONE CRAFT","2005-07-10 01:18:32",PG,163,4,"Trailers,Commentaries",9,Foreign
"EVOLUTION ALTER","2005-07-08 12:33:00",PG-13,174,5,"Behind the Scenes",15,Sports
"EXCITEMENT EVE","2005-07-12 03:18:07",G,51,3,Commentaries,1,Action
"EXORCIST STING","2005-08-01 08:26:08",G,167,6,"Commentaries,Deleted Scenes,Behind the Scenes",15,Sports
"EXPECATIONS NATURAL","2005-06-21 05:36:37",PG-13,138,5,"Deleted Scenes",16,Travel
"EXPENDABLE STALLION","2005-07-28 16:09:57",PG,97,3,"Trailers,Behind the Scenes",6,Documentary
"EXPRESS LONELY","2005-05-27 19:18:54",R,178,5,Trailers,14,Sci-Fi
"EXTRAORDINARY CONQUERER","2005-06-18 02:10:42",G,122,6,"Trailers,Commentaries,Deleted Scenes",4,Classics
"EYES DRIVING","2005-05-28 08:14:44",PG-13,172,4,"Trailers,Commentaries",14,Sci-Fi
"FACTORY DRAGON","2005-05-26 00:55:56",PG-13,144,4,"Trailers,Commentaries,Deleted Scenes",16,Travel
"FALCON VOLUME","2005-06-17 09:23:16",PG-13,102,5,"Commentaries,Behind the Scenes",2,Animation
"FAMILY SWEET","2005-05-30 23:08:03",R,155,4,Trailers,11,Horror
"FANTASIA PARK","2005-06-16 15:30:01",G,131,5,Commentaries,10,Games
"FANTASY TROOPERS","2005-07-09 13:14:48",PG-13,58,6,"Behind the Scenes",1,Action
"FARGO GANDHI","2005-07-28 17:15:06",G,130,3,"Deleted Scenes",3,Children
"FATAL HAUNTED","2005-07-27 04:06:24",PG,91,6,"Trailers,Behind the Scenes",13,New
"FEATHERS METAL","2005-07-28 15:08:48",PG-13,104,3,"Trailers,Deleted Scenes",10,Games
"FELLOWSHIP AUTUMN","2005-05-27 14:17:23",NC-17,77,6,"Deleted Scenes,Behind the Scenes",16,Travel
"FERRIS MOTHER","2005-06-21 03:12:15",PG,142,3,"Trailers,Deleted Scenes,Behind the Scenes",5,Comedy
"FEUD FROGMEN","2005-07-11 21:28:32",R,98,6,"Trailers,Commentaries,Deleted Scenes,Behind the Scenes",8,Family
"FEVER EMPIRE","2005-08-02 03:47:55",R,158,5,"Commentaries,Deleted Scenes",10,Games
"FICTION CHRISTMAS","2005-07-27 06:47:13",PG,72,4,"Trailers,Commentaries,Deleted Scenes,Behind the Scenes",9,Foreign
"FIDDLER LOST","2005-06-17 04:29:58",R,75,4,"Deleted Scenes,Behind the Scenes",14,Sci-Fi
"FIDELITY DEVIL","2005-05-30 05:38:24",G,118,5,"Trailers,Deleted Scenes,Behind the Scenes",11,Horror
"FIGHT JAWBREAKER","2005-05-27 14:14:14",R,91,3,"Trailers,Commentaries,Deleted Scenes,Behind the Scenes",2,Animation
"FINDING ANACONDA","2005-07-06 01:00:11",R,156,4,"Trailers,Commentaries",8,Family
"FIRE WOLVES","2005-07-08 03:17:05",R,173,5,Trailers,10,Games
"FIREBALL PHILADELPHIA","2005-07-27 10:32:58",PG,148,4,"Trailers,Commentaries,Behind the Scenes",5,Comedy
"FIREHOUSE VIETNAM",NULL,G,103,7,"Commentaries,Deleted Scenes",1,Action
"FISH OPUS","2005-07-07 04:23:57",R,125,4,"Trailers,Deleted Scenes,Behind the Scenes",14,Sci-Fi
"FLAMINGOS CONNECTICUT","2005-07-11 15:11:33",PG-13,80,4,Trailers,13,New
"FLASH WARS","2005-07-10 07:08:40",NC-17,123,3,"Trailers,Commentaries,Behind the Scenes",13,New
"FLATLINERS KILLER","2005-07-30 20:52:45",G,100,5,"Trailers,Commentaries,Deleted Scenes",15,Sports
"FLIGHT LIES","2005-06-16 06:03:33",R,179,7,Trailers,15,Sports
"FLINTSTONES HAPPINESS","2005-07-09 04:52:35",PG-13,148,3,"Trailers,Commentaries,Deleted Scenes,Behind the Scenes",5,Comedy
"FLOATS GARDEN",NULL,PG-13,145,6,"Trailers,Commentaries,Behind the Scenes",2,Animation
"FLYING HOOK","2005-08-02 00:22:46",NC-17,69,6,"Trailers,Commentaries,Behind the Scenes",2,Animation
"FOOL MOCKINGBIRD","2005-06-18 15:00:30",PG,158,3,"Trailers,Commentaries",1,Action
"FOREVER CANDIDATE","2005-07-06 19:21:28",NC-17,131,7,"Commentaries,Deleted Scenes,Behind the Scenes",3,Children
"FORREST SONS","2005-08-02 11:49:16",R,63,4,Commentaries,1,Action
"FORRESTER COMANCHEROS","2005-08-01 21:23:25",NC-17,112,7,"Trailers,Behind the Scenes",2,Animation
"FORWARD TEMPLE","2005-05-30 09:53:36",NC-17,90,6,"Trailers,Commentaries,Behind the Scenes",10,Games
"FRANKENSTEIN STRANGER",NULL,NC-17,159,7,"Deleted Scenes,Behind the Scenes",5,Comedy
"FREAKY POCUS","2005-07-07 17:54:37",R,126,7,"Trailers,Behind the Scenes",12,Music
"FREDDY STORM","2005-07-08 06:48:37",NC-17,65,6,"Trailers,Commentaries,Behind the Scenes",11,Horror
"FREEDOM CLEOPATRA","2005-07-31 08:15:32",PG-13,133,5,"Trailers,Commentaries,Behind the Scenes",5,Comedy
"FRENCH HOLIDAY","2005-06-19 15:59:04",PG,99,5,"Behind the Scenes",6,Documentary
"FRIDA SLIPPER","2005-07-09 01:32:17",R,73,6,"Trailers,Deleted Scenes",9,Foreign
"FRISCO FORREST","2005-06-20 11:51:59",PG,51,6,"Commentaries,Deleted Scenes,Behind the Scenes",14,Sci-Fi
"FROGMEN BREAKING","2005-06-18 10:50:09",R,111,5,"Trailers,Deleted Scenes,Behind the Scenes",16,Travel
"FRONTIER CABIN","2005-07-28 13:43:20",PG-13,183,6,"Commentaries,Deleted Scenes",13,New
"FROST HEAD","2005-06-16 21:16:07",PG,82,5,"Trailers,Deleted Scenes",4,Classics
"FUGITIVE MAGUIRE","2005-07-27 16:41:59",R,83,7,"Trailers,Commentaries,Deleted Scenes",16,Travel
"FULL FLATLINERS","2005-07-29 11:16:29",PG,94,6,"Trailers,Deleted Scenes",3,Children
"FURY MURDER","2005-05-27 10:23:25",PG-13,178,3,"Deleted Scenes",3,Children
"GABLES METROPOLIS","2005-06-16 17:49:57",PG,161,3,"Trailers,Commentaries",8,Family
"GALAXY SWEETHEARTS","2005-05-31 07:33:25",R,128,4,"Deleted Scenes",4,Classics
"GAMES BOWFINGER","2005-05-28 18:14:29",PG-13,119,7,"Behind the Scenes",16,Travel
"GANDHI KWAI","2005-05-28 14:37:07",PG-13,86,7,Trailers,8,Family
"GANGS PRIDE","2005-06-15 21:22:35",PG-13,185,4,"Behind the Scenes",2,Animation
"GARDEN ISLAND","2005-07-30 14:26:46",G,80,3,"Trailers,Behind the Scenes",14,Sci-Fi
"GASLIGHT CRUSADE","2005-07-12 08:20:23",PG,106,4,"Trailers,Deleted Scenes",11,Horror
"GATHERING CALENDAR","2005-08-02 22:34:06",PG-13,176,4,"Commentaries,Behind the Scenes",10,Games
"GENTLEMEN STAGE","2005-07-08 19:09:04",NC-17,125,6,"Commentaries,Deleted Scenes",9,Foreign
"GHOST GROUNDHOG","2005-06-19 10:06:20",G,85,6,"Trailers,Commentaries,Deleted Scenes,Behind the Scenes",3,Children
"GHOSTBUSTERS ELF","2005-05-27 04:40:33",R,101,7,"Trailers,Deleted Scenes,Behind the Scenes",2,Animation
"GIANT TROOPERS","2005-07-10 17:04:56",R,102,5,"Trailers,Commentaries",3,Children
"GILBERT PELICAN","2005-07-31 15:00:15",G,114,7,"Trailers,Commentaries",4,Classics
"GILMORE BOILED","2005-05-31 07:47:18",R,163,5,"Trailers,Behind the Scenes",4,Classics
"GLADIATOR WESTWARD",NULL,PG,173,6,"Commentaries,Deleted Scenes",8,Family
"GLASS DYING","2005-07-31 06:31:03",G,103,4,Trailers,1,Action
"GLEAMING JAWBREAKER","2005-07-07 02:19:14",NC-17,89,5,"Trailers,Commentaries",15,Sports
"GLORY TRACY","2005-08-02 07:56:41",PG-13,115,7,"Trailers,Commentaries,Behind the Scenes",10,Games
"GO PURPLE","2005-06-16 16:53:33",R,54,3,Trailers,12,Music
"GODFATHER DIARY","2005-07-29 15:44:55",NC-17,73,3,Trailers,13,New
"GOLD RIVER","2005-06-18 23:28:27",R,154,4,"Trailers,Commentaries,Deleted Scenes,Behind the Scenes",5,Comedy
"GOLDFINGER SENSIBILITY","2005-07-28 21:17:19",G,93,3,"Trailers,Commentaries,Behind the Scenes",7,Drama
"GOLDMINE TYCOON","2005-05-25 04:18:51",R,153,6,"Trailers,Behind the Scenes",14,Sci-Fi
"GONE TROUBLE","2005-05-29 06:35:13",R,84,7,"Deleted Scenes,Behind the Scenes",7,Drama
"GOODFELLAS SALUTE","2005-06-14 23:07:08",PG,56,4,"Deleted Scenes",14,Sci-Fi
"GORGEOUS BINGO","2005-07-30 05:12:04",R,108,4,"Deleted Scenes,Behind the Scenes",3,Children
"GOSFORD DONNIE","2005-06-21 07:04:17",G,129,5,Commentaries,1,Action
"GRACELAND DYNAMITE","2005-07-10 19:54:41",R,140,5,"Trailers,Commentaries",15,Sports
"GRADUATE LORD","2005-05-31 14:33:56",G,156,7,"Trailers,Behind the Scenes",3,Children
"GRAFFITI LOVE","2005-05-29 17:24:48",PG,117,3,"Trailers,Deleted Scenes",14,Sci-Fi
"GRAIL FRANKENSTEIN","2005-05-29 10:14:15",NC-17,85,4,"Commentaries,Deleted Scenes,Behind the Scenes",1,Action
"GRAPES FURY","2005-07-11 08:54:09",G,155,4,"Commentaries,Behind the Scenes",9,Foreign
"GREASE YOUTH","2005-06-19 02:14:11",G,135,7,"Trailers,Deleted Scenes",8,Family
"GREATEST NORTH","2005-07-11 03:00:50",NC-17,93,5,"Trailers,Commentaries,Behind the Scenes",12,Music
"GREEDY ROOTS","2005-07-27 06:55:39",R,166,7,"Trailers,Commentaries,Deleted Scenes",7,Drama
"GREEK EVERYONE","2005-07-30 11:04:55",PG,176,7,"Trailers,Deleted Scenes",9,Foreign
"GRINCH MASSAGE","2005-08-01 15:57:55",R,150,7,Trailers,10,Games
"GRIT CLOCKWORK","2005-05-27 18:42:57",PG,137,3,"Trailers,Deleted Scenes",10,Games
"GROOVE FICTION","2005-06-21 21:46:56",NC-17,111,6,"Behind the Scenes",15,Sports
"GROSSE WONDERFUL","2005-07-28 08:55:27",R,49,5,"Behind the Scenes",12,Music
"GROUNDHOG UNCUT","2005-08-01 19:31:24",PG-13,139,6,"Trailers,Commentaries,Deleted Scenes,Behind the Scenes",5,Comedy
"GUMP DATE",NULL,NC-17,53,3,"Deleted Scenes",16,Travel
"GUN BONNIE","2005-07-06 06:06:27",G,100,7,"Behind the Scenes",10,Games
"GUNFIGHT MOON","2005-07-28 02:59:08",NC-17,70,5,"Deleted Scenes,Behind the Scenes",5,Comedy
"GUNFIGHTER MUSSOLINI","2005-06-17 23:45:47",PG-13,127,3,"Trailers,Commentaries",15,Sports
"GUYS FALCON","2005-07-30 19:42:07",R,84,4,"Trailers,Commentaries,Behind the Scenes",14,Sci-Fi
"HALF OUTFIELD","2005-07-09 01:12:57",PG-13,146,6,"Trailers,Commentaries,Deleted Scenes,Behind the Scenes",8,Family
"HALL CASSIDY","2005-07-27 19:20:25",NC-17,51,5,"Commentaries,Behind the Scenes",3,Children
"HALLOWEEN NUTS","2005-05-28 13:33:23",PG-13,47,6,"Deleted Scenes",6,Documentary
"HAMLET WISDOM","2005-07-27 09:27:45",R,146,7,"Trailers,Deleted Scenes",14,Sci-Fi
"HANDICAP BOONDOCK","2005-05-29 14:09:53",R,108,4,"Commentaries,Deleted Scenes,Behind the Scenes",1,Action
"HANGING DEEP","2005-05-27 23:51:12",G,62,5,"Trailers,Commentaries,Deleted Scenes",7,Drama
"HANKY OCTOBER","2005-07-11 16:15:50",NC-17,107,5,"Trailers,Commentaries,Deleted Scenes",14,Sci-Fi
"HANOVER GALAXY","2005-05-28 11:49:00",NC-17,47,5,"Commentaries,Deleted Scenes,Behind the Scenes",12,Music
"HAPPINESS UNITED","2005-07-06 09:02:09",G,100,6,"Deleted Scenes",9,Foreign
"HARDLY ROBBERS","2005-07-31 22:10:54",R,72,7,"Trailers,Behind the Scenes",6,Documentary
"HAROLD FRENCH","2005-07-12 10:43:53",NC-17,168,6,"Commentaries,Deleted Scenes,Behind the Scenes",7,Drama
"HARPER DYING","2005-06-17 08:52:01",G,52,3,Trailers,2,Animation
"HARRY IDAHO","2005-07-07 13:00:20",PG-13,121,5,"Commentaries,Deleted Scenes",7,Drama
"HATE HANDICAP",NULL,PG,107,4,"Trailers,Commentaries,Behind the Scenes",5,Comedy
"HAUNTED ANTITRUST","2005-07-09 07:25:19",NC-17,76,6,"Trailers,Deleted Scenes",16,Travel
"HAUNTING PIANIST","2005-05-30 11:20:27",R,181,5,"Behind the Scenes",10,Games
"HAWK CHILL","2005-08-01 14:49:41",PG-13,47,5,"Behind the Scenes",6,Documentary
"HEAD STRANGER","2005-07-30 15:05:36",R,69,4,"Trailers,Commentaries",10,Games
"HEARTBREAKERS BRIGHT","2005-07-29 14:34:17",G,59,3,"Trailers,Deleted Scenes",3,Children
"HEAVEN FREEDOM","2005-06-18 03:16:54",PG,48,7,Commentaries,5,Comedy
"HEAVENLY GUN","2005-05-30 00:28:12",NC-17,49,5,"Behind the Scenes",12,Music
"HEAVYWEIGHTS BEAST","2005-07-08 08:25:52",G,102,6,"Deleted Scenes",6,Documentary
"HEDWIG ALTER","2005-05-26 18:36:58",NC-17,169,7,"Trailers,Commentaries,Behind the Scenes",5,Comedy
"HELLFIGHTERS SIERRA","2005-05-28 10:30:13",PG,75,3,"Deleted Scenes,Behind the Scenes",9,Foreign
"HIGH ENCINO","2005-05-28 03:53:26",R,84,3,"Trailers,Commentaries,Behind the Scenes",11,Horror
"HIGHBALL POTTER","2005-06-16 01:15:59",R,110,6,"Deleted Scenes",9,Foreign
"HILLS NEIGHBORS","2005-07-08 08:49:54",G,93,5,"Trailers,Commentaries,Deleted Scenes,Behind the Scenes",1,Action
"HOBBIT ALIEN","2005-06-19 09:42:30",PG-13,157,5,Commentaries,7,Drama
"HOCUS FRIDA",NULL,G,141,4,"Trailers,Deleted Scenes,Behind the Scenes",8,Family
"HOLES BRANNIGAN","2005-07-30 07:55:14",PG,128,7,"Commentaries,Behind the Scenes",15,Sports
"HOLIDAY GAMES","2005-06-16 09:14:58",PG-13,78,7,"Trailers,Commentaries,Behind the Scenes",9,Foreign
"HOLLOW JEOPARDY","2005-05-28 00:09:12",NC-17,136,7,"Behind the Scenes",14,Sci-Fi
"HOLLYWOOD ANONYMOUS","2005-07-06 14:57:53",PG,69,7,"Trailers,Behind the Scenes",3,Children
"HOLOCAUST HIGHBALL","2005-05-26 22:38:10",R,149,6,"Deleted Scenes",3,Children
"HOLY TADPOLE","2005-05-28 08:23:16",R,88,6,"Behind the Scenes",4,Classics
"HOME PITY","2005-06-18 06:38:22",R,185,7,"Trailers,Commentaries,Behind the Scenes",12,Music
"HOMEWARD CIDER","2005-06-18 17:12:01",R,103,5,Trailers,6,Documentary
"HOMICIDE PEACH","2005-06-21 11:30:47",PG-13,141,6,Commentaries,8,Family
"HONEY TIES","2005-05-30 18:13:23",R,84,3,"Trailers,Commentaries,Deleted Scenes",15,Sports
"HOOK CHARIOTS","2005-06-21 02:30:37",G,49,7,"Trailers,Commentaries,Behind the Scenes",2,Animation
"HOOSIERS BIRDCAGE","2005-06-19 21:34:54",G,176,3,"Trailers,Commentaries,Deleted Scenes",9,Foreign
"HOPE TOOTSIE","2005-06-17 09:30:05",NC-17,139,4,"Trailers,Deleted Scenes,Behind the Scenes",4,Classics
"HORN WORKING","2005-06-18 17:51:46",PG,95,4,Trailers,2,Animation
"HORROR REIGN","2005-07-29 08:42:04",R,139,3,"Deleted Scenes,Behind the Scenes",16,Travel
"HOTEL HAPPINESS","2005-06-20 05:15:37",PG-13,181,6,"Behind the Scenes",9,Foreign
"HOURS RAGE","2005-08-02 21:07:06",NC-17,122,4,"Trailers,Deleted Scenes",13,New
"HOUSE DYNAMITE","2005-07-27 05:06:34",R,109,7,"Commentaries,Deleted Scenes,Behind the Scenes",8,Family
"HUMAN GRAFFITI","2005-07-08 21:26:11",NC-17,68,3,"Trailers,Behind the Scenes",10,Games
"HUNCHBACK IMPOSSIBLE","2005-07-29 00:41:56",PG-13,151,4,"Trailers,Deleted Scenes",7,Drama
"HUNGER ROOF","2005-07-29 14:19:57",G,105,6,"Deleted Scenes,Behind the Scenes",9,Foreign
"HUNTER ALTER","2005-08-02 02:38:07",PG-13,125,5,"Commentaries,Deleted Scenes,Behind the Scenes",6,Documentary
"HUNTING MUSKETEERS","2005-05-30 21:22:26",NC-17,65,6,"Trailers,Deleted Scenes",8,Family
"HURRICANE AFFAIR","2005-07-27 04:27:32",PG,49,6,"Trailers,Commentaries,Behind the Scenes",5,Comedy
"HUSTLER PARTY","2005-07-06 20:34:10",NC-17,83,3,"Trailers,Commentaries,Behind the Scenes",5,Comedy
"HYDE DOCTOR","2005-05-25 21:07:59",G,100,5,"Trailers,Deleted Scenes",4,Classics
"HYSTERICAL GRAIL","2005-06-16 20:41:57",PG,150,5,"Trailers,Commentaries,Deleted Scenes",15,Sports
"ICE CROSSING","2005-06-21 03:06:11",R,131,5,"Deleted Scenes",10,Games
"IDAHO LOVE","2005-07-12 06:50:52",PG-13,172,3,"Trailers,Commentaries,Deleted Scenes,Behind the Scenes",13,New
"IDENTITY LOVER","2005-05-26 16:00:49",PG-13,119,4,"Deleted Scenes",14,Sci-Fi
"IDOLS SNATCHERS","2005-07-27 03:59:35",NC-17,84,5,Trailers,3,Children
"IGBY MAKER","2005-05-30 23:54:19",NC-17,160,7,"Trailers,Behind the Scenes",16,Travel
"ILLUSION AMELIE","2005-05-31 15:22:51",R,122,4,"Commentaries,Behind the Scenes",9,Foreign
"IMAGE PRINCESS","2005-07-08 00:22:06",PG-13,178,3,"Trailers,Commentaries,Deleted Scenes",15,Sports
"IMPACT ALADDIN","2005-06-16 01:43:33",PG-13,180,6,"Trailers,Deleted Scenes",12,Music
"IMPOSSIBLE PREJUDICE","2005-06-18 07:46:34",NC-17,103,7,"Deleted Scenes",9,Foreign
"INCH JET","2005-07-10 11:07:40",NC-17,167,6,"Deleted Scenes",2,Animation
"INDEPENDENCE HOTEL","2005-07-08 21:41:54",NC-17,157,5,"Trailers,Behind the Scenes",6,Documentary
"INDIAN LOVE","2005-07-30 12:43:40",NC-17,135,4,"Trailers,Commentaries,Deleted Scenes,Behind the Scenes",8,Family
"INFORMER DOUBLE","2005-07-29 07:23:43",NC-17,74,4,"Trailers,Commentaries",9,Foreign
"INNOCENT USUAL","2005-06-15 05:38:09",PG-13,178,3,"Trailers,Deleted Scenes,Behind the Scenes",9,Foreign
"INSECTS STONE","2005-07-06 00:42:01",NC-17,123,3,"Trailers,Commentaries,Behind the Scenes",2,Animation
"INSIDER ARIZONA","2005-06-19 17:22:17",NC-17,78,5,Commentaries,12,Music
"INSTINCT AIRPORT","2005-07-08 10:15:32",PG,116,4,"Commentaries,Deleted Scenes",15,Sports
"INTENTIONS EMPIRE","2005-07-28 03:19:23",PG-13,107,3,"Trailers,Behind the Scenes",2,Animation
"INTERVIEW LIAISONS","2005-06-18 20:00:15",R,59,4,"Commentaries,Behind the Scenes",13,New
"INTOLERABLE INTENTIONS","2005-06-21 05:30:36",PG-13,63,6,"Commentaries,Behind the Scenes",6,Documentary
"INTRIGUE WORST","2005-08-01 05:47:37",G,181,6,"Deleted Scenes",9,Foreign
"INVASION CYCLONE","2005-06-16 11:54:25",PG,97,5,"Trailers,Deleted Scenes",3,Children
"IRON MOON","2005-07-08 00:18:32",PG,46,7,"Commentaries,Behind the Scenes",4,Classics
"ISHTAR ROCKETEER","2005-05-28 03:07:50",R,79,4,"Trailers,Commentaries,Deleted Scenes",2,Animation
"ISLAND EXORCIST","2005-07-27 20:55:28",NC-17,84,7,"Trailers,Commentaries",4,Classics
"ITALIAN AFRICAN","2005-07-07 08:53:08",G,174,3,"Trailers,Commentaries,Deleted Scenes",16,Travel
"JACKET FRISCO","2005-07-08 20:44:51",PG-13,181,5,"Trailers,Deleted Scenes,Behind the Scenes",7,Drama
"JADE BUNCH","2005-07-06 05:23:10",NC-17,174,6,"Trailers,Commentaries,Behind the Scenes",15,Sports
"JAPANESE RUN","2005-06-21 00:39:39",G,135,6,"Deleted Scenes",11,Horror
"JASON TRAP","2005-07-27 21:39:55",NC-17,130,5,"Trailers,Deleted Scenes,Behind the Scenes",8,Family
"JAWBREAKER BROOKLYN","2005-06-17 18:18:56",PG,118,5,"Trailers,Behind the Scenes",12,Music
"JAWS HARRY","2005-07-30 08:33:24",G,112,4,"Deleted Scenes",5,Comedy
"JEDI BENEATH","2005-06-18 15:34:18",PG,128,7,"Trailers,Commentaries,Deleted Scenes",8,Family
"JEEPERS WEDDING","2005-06-20 17:28:43",R,84,3,"Trailers,Commentaries,Deleted Scenes",4,Classics
"JEKYLL FROGMEN","2005-07-28 09:00:21",PG,58,4,"Commentaries,Deleted Scenes,Behind the Scenes",13,New
"JEOPARDY ENCINO","2005-07-28 04:42:58",R,102,3,"Trailers,Commentaries",4,Classics
"JERICHO MULAN","2005-07-27 00:00:00",NC-17,171,3,Commentaries,10,Games
"JERK PAYCHECK","2005-08-01 02:18:46",NC-17,172,3,"Trailers,Commentaries,Deleted Scenes,Behind the Scenes",4,Classics
"JERSEY SASSY","2005-07-31 01:41:48",PG,60,6,"Deleted Scenes,Behind the Scenes",3,Children
"JET NEIGHBORS","2005-08-02 11:31:33",R,59,7,"Trailers,Commentaries,Behind the Scenes",9,Foreign
"JINGLE SAGEBRUSH","2005-06-21 08:45:33",PG-13,124,6,"Trailers,Commentaries",4,Classics
"JOON NORTHWEST","2005-05-29 14:38:57",NC-17,105,3,"Trailers,Commentaries,Behind the Scenes",15,Sports
"JUGGLER HARDLY","2005-05-25 10:52:13",PG-13,54,4,"Trailers,Commentaries",2,Animation
"JUMANJI BLADE","2005-06-21 21:01:57",G,121,4,"Commentaries,Behind the Scenes",13,New
"JUMPING WRATH","2005-07-09 08:17:41",NC-17,74,4,"Commentaries,Behind the Scenes",3,Children
"JUNGLE CLOSER","2005-05-26 16:07:38",NC-17,134,6,"Trailers,Commentaries,Deleted Scenes",13,New
"KANE EXORCIST","2005-05-29 03:05:49",R,92,5,"Trailers,Commentaries",9,Foreign
"KARATE MOON","2005-07-11 13:58:36",PG-13,120,4,"Behind the Scenes",11,Horror
"KENTUCKIAN GIANT",NULL,PG,169,5,"Trailers,Commentaries,Deleted Scenes,Behind the Scenes",11,Horror
"KICK SAVANNAH","2005-05-31 16:00:33",PG-13,179,3,"Trailers,Commentaries,Deleted Scenes",16,Travel
"KILL BROTHERHOOD",NULL,G,54,4,"Trailers,Commentaries",6,Documentary
"KILLER INNOCENT","2005-06-17 19:41:42",R,161,7,"Trailers,Commentaries,Deleted Scenes",8,Family
"KING EVOLUTION","2005-05-25 00:22:55",NC-17,184,3,"Trailers,Deleted Scenes,Behind the Scenes",8,Family
"KISS GLORY","2005-05-25 22:02:30",PG-13,163,5,"Trailers,Commentaries,Behind the Scenes",9,Foreign
"KISSING DOLLS","2005-06-18 10:17:21",R,141,3,Trailers,1,Action
"KNOCK WARLOCK","2005-08-02 03:24:04",PG-13,71,4,Trailers,5,Comedy
"KRAMER CHOCOLATE","2005-06-17 19:05:22",R,171,3,Trailers,15,Sports
"KWAI HOMEWARD","2005-07-10 00:07:03",PG-13,46,5,"Trailers,Commentaries",7,Drama
"LABYRINTH LEAGUE","2005-07-30 13:36:57",PG-13,46,6,"Commentaries,Behind the Scenes",3,Children
"LADY STAGE","2005-05-28 22:27:51",PG,67,4,"Trailers,Deleted Scenes,Behind the Scenes",11,Horror
"LADYBUGS ARMAGEDDON","2005-06-17 07:58:39",NC-17,113,4,"Deleted Scenes",10,Games
"LAMBS CINCINATTI","2005-06-19 19:00:37",PG-13,144,6,"Trailers,Behind the Scenes",10,Games
"LANGUAGE COWBOY","2005-07-12 09:31:43",NC-17,78,5,"Trailers,Deleted Scenes",3,Children
"LAWLESS VISION","2005-07-12 06:42:31",G,181,6,"Deleted Scenes,Behind the Scenes",2,Animation
"LAWRENCE LOVE","2005-06-19 03:44:03",NC-17,175,7,"Commentaries,Deleted Scenes,Behind the Scenes",1,Action
"LEAGUE HELLFIGHTERS","2005-07-27 16:38:24",PG-13,110,5,Trailers,4,Classics
"LEATHERNECKS DWARFS","2005-07-10 16:34:00",PG-13,153,6,"Trailers,Commentaries,Behind the Scenes",16,Travel
"LEBOWSKI SOLDIERS","2005-07-31 19:49:35",PG-13,69,6,"Commentaries,Deleted Scenes",7,Drama
"LEGALLY SECRETARY","2005-06-17 15:10:16",PG,113,7,"Trailers,Commentaries,Behind the Scenes",3,Children
"LEGEND JEDI","2005-05-27 19:52:29",PG,59,7,"Commentaries,Deleted Scenes",12,Music
"LESSON CLEOPATRA","2005-05-27 15:02:10",NC-17,167,3,"Deleted Scenes,Behind the Scenes",15,Sports
"LIAISONS SWEET","2005-05-31 08:50:07",PG,140,5,"Commentaries,Behind the Scenes",16,Travel
"LIBERTY MAGNIFICENT","2005-08-02 21:48:28",G,138,3,"Commentaries,Deleted Scenes,Behind the Scenes",15,Sports
"LICENSE WEEKEND","2005-05-31 09:07:33",NC-17,91,7,"Deleted Scenes,Behind the Scenes",14,Sci-Fi
"LIES TREATMENT","2005-07-12 11:51:54",NC-17,147,7,"Commentaries,Deleted Scenes,Behind the Scenes",7,Drama
"LIFE TWISTED","2005-05-27 23:40:52",NC-17,137,4,"Commentaries,Deleted Scenes",5,Comedy
"LIGHTS DEER","2005-07-11 22:31:08",R,174,7,Commentaries,4,Classics
"LION UNCUT","2005-07-31 17:51:23",PG,50,6,"Trailers,Deleted Scenes",5,Comedy
"LOATHING LEGALLY","2005-07-12 01:13:44",R,140,4,"Deleted Scenes",4,Classics
"LOCK REAR","2005-05-27 03:47:18",R,120,7,"Trailers,Commentaries",16,Travel
"LOLA AGENT","2005-07-07 23:31:54",PG,85,4,"Trailers,Commentaries",11,Horror
"LOLITA WORLD","2005-08-01 03:02:48",NC-17,155,4,"Trailers,Deleted Scenes",8,Family
"LONELY ELEPHANT","2005-05-30 10:11:29",G,67,3,"Trailers,Commentaries,Deleted Scenes,Behind the Scenes",5,Comedy
"LORD ARIZONA","2005-07-06 09:16:10",PG-13,108,5,Trailers,1,Action
"LOSE INCH","2005-06-18 02:44:37",R,137,3,"Trailers,Commentaries",9,Foreign
"LOSER HUSTLER","2005-07-27 01:38:36",PG,80,5,"Deleted Scenes,Behind the Scenes",15,Sports
"LOST BIRD","2005-05-30 11:55:55",PG-13,98,4,"Deleted Scenes",9,Foreign
"LOUISIANA HARRY","2005-07-07 04:53:40",PG-13,70,5,Trailers,8,Family
"LOVE SUICIDES","2005-05-31 20:04:10",R,181,6,"Trailers,Behind the Scenes",11,Horror
"LOVELY JINGLE","2005-07-07 06:10:55",PG,65,3,"Trailers,Behind the Scenes",4,Classics
"LOVER TRUMAN","2005-05-29 03:48:01",G,75,3,Trailers,4,Classics
"LOVERBOY ATTACKS","2005-06-21 09:08:44",PG-13,162,7,"Trailers,Behind the Scenes",13,New
"LUCK OPUS","2005-05-28 17:36:32",NC-17,152,7,"Trailers,Commentaries,Behind the Scenes",7,Drama
"LUCKY FLYING","2005-07-09 21:14:03",PG-13,97,7,"Trailers,Commentaries,Behind the Scenes",12,Music
"LUKE MUMMY","2005-07-06 13:36:48",NC-17,74,5,"Trailers,Behind the Scenes",2,Animation
"LUST LOCK","2005-06-17 04:45:41",G,52,3,"Trailers,Commentaries,Behind the Scenes",1,Action
"MADIGAN DORADO","2005-05-25 12:12:07",R,116,5,"Deleted Scenes,Behind the Scenes",16,Travel
"MADISON TRAP","2005-07-12 05:00:46",R,147,4,"Commentaries,Deleted Scenes,Behind the Scenes",6,Documentary
"MADNESS ATTACKS","2005-05-31 08:44:29",PG-13,178,4,Trailers,9,Foreign
"MADRE GABLES","2005-07-07 16:08:51",PG-13,98,7,"Trailers,Commentaries,Deleted Scenes",10,Games
"MAGIC MALLRATS","2005-07-08 05:09:38",PG,117,3,"Trailers,Commentaries",3,Children
"MAGNIFICENT CHITTY","2005-06-17 08:50:58",R,53,3,"Commentaries,Deleted Scenes",4,Classics
"MAGNOLIA FORRESTER","2005-07-06 12:43:11",PG-13,171,4,"Trailers,Commentaries,Deleted Scenes",1,Action
"MAGUIRE APACHE","2005-07-06 00:56:03",NC-17,74,6,"Trailers,Commentaries",8,Family
"MAIDEN HOME","2005-06-21 07:25:01",PG,138,3,"Behind the Scenes",13,New
"MAJESTIC FLOATS","2005-07-08 09:48:01",PG,130,5,Trailers,6,Documentary
"MAKER GABLES","2005-07-07 11:07:52",PG-13,136,4,"Deleted Scenes,Behind the Scenes",3,Children
"MALKOVICH PET","2005-07-08 03:36:55",G,159,6,"Behind the Scenes",4,Classics
"MALLRATS UNITED","2005-07-29 17:21:58",PG,133,4,"Trailers,Commentaries,Deleted Scenes",5,Comedy
"MALTESE HOPE","2005-07-29 14:47:45",PG-13,127,6,"Behind the Scenes",10,Games
"MANCHURIAN CURTAIN","2005-07-09 10:23:21",PG,177,5,"Trailers,Commentaries",8,Family
"MANNEQUIN WORST","2005-07-08 17:02:49",PG-13,71,3,"Trailers,Commentaries,Deleted Scenes",13,New
"MARRIED GO","2005-05-31 05:35:16",G,114,7,"Behind the Scenes",14,Sci-Fi
"MARS ROMAN","2005-07-31 18:06:06",NC-17,62,6,"Commentaries,Deleted Scenes",10,Games
"MASK PEACH","2005-05-26 23:37:39",NC-17,123,6,"Commentaries,Deleted Scenes",13,New
"MASKED BUBBLE","2005-07-28 04:07:47",PG-13,151,6,"Commentaries,Behind the Scenes",12,Music
"MASSACRE USUAL","2005-05-30 02:01:23",R,165,6,Commentaries,10,Games
"MASSAGE IMAGE","2005-07-11 22:46:10",PG,161,4,"Commentaries,Behind the Scenes",2,Animation
"MATRIX SNOWMAN","2005-06-17 01:53:19",PG-13,56,6,"Commentaries,Deleted Scenes,Behind the Scenes",9,Foreign
"MAUDE MOD","2005-06-16 06:28:57",R,72,6,"Trailers,Behind the Scenes",9,Foreign
"MEET CHOCOLATE","2005-07-06 06:38:21",G,80,3,Trailers,9,Foreign
"MEMENTO ZOOLANDER","2005-07-12 01:49:00",NC-17,77,4,"Behind the Scenes",5,Comedy
"MENAGERIE RUSHMORE","2005-05-25 22:25:18",G,147,7,"Trailers,Commentaries,Deleted Scenes",2,Animation
"MERMAID INSECTS","2005-07-08 11:41:36",NC-17,104,5,"Trailers,Behind the Scenes",15,Sports
"METAL ARMAGEDDON","2005-05-26 05:30:03",PG-13,161,6,"Trailers,Commentaries,Deleted Scenes",6,Documentary
"METROPOLIS COMA","2005-07-31 03:13:29",PG-13,64,4,"Trailers,Commentaries,Behind the Scenes",14,Sci-Fi
"MICROCOSMOS PARADISE","2005-07-08 05:33:59",PG-13,105,6,Commentaries,3,Children
"MIDNIGHT WESTWARD","2005-08-02 04:11:25",G,86,3,"Trailers,Deleted Scenes",1,Action
"MIDSUMMER GROUNDHOG","2005-07-07 07:53:18",G,48,3,"Trailers,Deleted Scenes",6,Documentary
"MIGHTY LUCK","2005-07-10 23:22:01",PG,122,7,"Behind the Scenes",6,Documentary
"MILE MULAN","2005-05-28 17:40:35",PG,64,4,"Deleted Scenes,Behind the Scenes",15,Sports
"MILLION ACE","2005-07-28 16:12:53",PG-13,142,4,"Deleted Scenes",4,Classics
"MINDS TRUMAN","2005-05-25 05:09:04",PG-13,149,3,"Deleted Scenes,Behind the Scenes",1,Action
"MINE TITANS","2005-06-20 08:15:27",PG-13,166,3,"Trailers,Deleted Scenes",13,New
"MINORITY KISS","2005-06-17 21:16:41",G,59,4,Trailers,12,Music
"MIRACLE VIRTUAL","2005-05-31 18:44:19",PG-13,162,3,"Trailers,Deleted Scenes",2,Animation
"MISSION ZOOLANDER","2005-05-27 21:13:10",PG-13,164,3,"Behind the Scenes",2,Animation
"MIXED DOORS","2005-07-08 17:54:18",PG-13,180,6,"Behind the Scenes",9,Foreign
"MOB DUFFEL","2005-07-12 00:45:59",G,105,4,Trailers,7,Drama
"MOCKINGBIRD HOLLYWOOD","2005-06-17 05:36:07",PG,60,4,"Behind the Scenes",1,Action
"MOD SECRETARY","2005-06-20 05:09:27",NC-17,77,6,"Commentaries,Behind the Scenes",6,Documentary
"MODEL FISH","2005-05-27 01:18:57",NC-17,175,4,"Trailers,Commentaries,Behind the Scenes",3,Children
"MODERN DORADO","2005-06-18 06:59:51",PG,74,3,"Trailers,Commentaries,Deleted Scenes",6,Documentary
"MONEY HAROLD","2005-06-19 12:44:20",PG,135,3,"Trailers,Commentaries",13,New
"MONSOON CAUSE","2005-07-09 16:10:25",PG,182,6,"Commentaries,Behind the Scenes",10,Games
"MONSTER SPARTACUS","2005-08-02 01:41:59",PG,107,6,"Commentaries,Behind the Scenes",12,Music
"MONTEREY LABYRINTH","2005-07-08 17:14:14",G,158,6,"Trailers,Commentaries",11,Horror
"MONTEZUMA COMMAND","2005-06-19 12:15:27",NC-17,126,6,Trailers,1,Action
"MOON BUNCH","2005-06-16 01:14:56",PG,83,7,"Deleted Scenes,Behind the Scenes",9,Foreign
"MOONSHINE CABIN","2005-06-15 00:28:37",PG-13,171,4,"Behind the Scenes",10,Games
"MOONWALKER FOOL","2005-06-20 10:24:44",G,184,5,"Trailers,Deleted Scenes",10,Games
"MOSQUITO ARMAGEDDON","2005-05-31 21:36:44",G,57,6,Trailers,15,Sports
"MOTHER OLEANDER","2005-07-29 15:02:54",R,103,3,"Trailers,Commentaries",15,Sports
"MOTIONS DETAILS","2005-06-19 11:28:52",PG,166,5,"Trailers,Commentaries,Behind the Scenes",11,Horror
"MOULIN WAKE","2005-07-11 17:37:22",PG-13,79,4,Trailers,16,Travel
"MOURNING PURPLE","2005-06-15 04:18:10",PG,146,5,"Trailers,Commentaries,Deleted Scenes,Behind the Scenes",14,Sci-Fi
"MOVIE SHAKESPEARE","2005-05-27 09:43:25",PG,53,6,"Commentaries,Deleted Scenes,Behind the Scenes",8,Family
"MULAN MOON","2005-06-16 12:06:57",G,160,4,"Behind the Scenes",5,Comedy
"MULHOLLAND BEAST","2005-07-11 19:25:15",PG,157,7,"Trailers,Deleted Scenes,Behind the Scenes",9,Foreign
"MUMMY CREATURES","2005-07-27 16:17:55",NC-17,160,3,"Trailers,Behind the Scenes",15,Sports
"MUPPET MILE",NULL,PG,50,5,"Trailers,Deleted Scenes",9,Foreign
"MURDER ANTITRUST","2005-05-31 17:27:45",PG,166,6,"Trailers,Deleted Scenes,Behind the Scenes",3,Children
"MUSCLE BRIGHT","2005-07-09 09:15:48",G,185,7,"Deleted Scenes",16,Travel
"MUSIC BOONDOCK","2005-06-19 08:32:00",R,129,7,"Trailers,Commentaries,Behind the Scenes",8,Family
"MUSKETEERS WAIT","2005-07-29 11:18:01",PG,73,7,"Deleted Scenes,Behind the Scenes",4,Classics
"MUSSOLINI SPOILERS","2005-07-07 00:08:18",G,180,6,"Deleted Scenes,Behind the Scenes",15,Sports
"MYSTIC TRUMAN","2005-05-24 23:08:07",NC-17,92,5,"Commentaries,Behind the Scenes",5,Comedy
"NAME DETECTIVE","2005-07-12 10:27:19",PG-13,178,5,"Trailers,Commentaries,Behind the Scenes",10,Games
"NASH CHOCOLAT","2005-07-07 12:11:22",PG-13,180,6,"Commentaries,Behind the Scenes",2,Animation
"NATIONAL STORY","2005-08-01 07:49:15",NC-17,92,4,Trailers,6,Documentary
"NATURAL STOCK","2005-06-21 14:16:48",PG-13,50,4,"Commentaries,Deleted Scenes",8,Family
"NECKLACE OUTBREAK","2005-07-07 23:18:58",PG,132,3,"Trailers,Commentaries,Behind the Scenes",7,Drama
"NEIGHBORS CHARADE","2005-05-30 09:03:52",R,161,3,"Trailers,Commentaries,Deleted Scenes",15,Sports
"NEMO CAMPUS","2005-07-06 10:02:08",NC-17,131,5,Trailers,14,Sci-Fi
"NETWORK PEAK","2005-07-27 09:06:13",PG-13,75,5,"Commentaries,Deleted Scenes,Behind the Scenes",8,Family
"NEWSIES STORY","2005-06-20 10:04:36",G,159,4,"Trailers,Deleted Scenes",6,Documentary
"NEWTON LABYRINTH","2005-06-20 22:15:47",PG,75,4,"Trailers,Commentaries,Deleted Scenes,Behind the Scenes",9,Foreign
"NIGHTMARE CHILL","2005-07-10 10:32:52",PG,149,3,"Trailers,Deleted Scenes,Behind the Scenes",10,Games
"NONE SPIKING","2005-06-18 15:33:30",NC-17,83,3,"Trailers,Commentaries",14,Sci-Fi
"NOON PAPI","2005-07-06 23:46:43",G,57,5,"Behind the Scenes",3,Children
"NORTH TEQUILA","2005-06-16 21:20:41",NC-17,67,4,"Commentaries,Deleted Scenes,Behind the Scenes",6,Documentary
"NORTHWEST POLISH","2005-07-09 23:57:44",PG,172,5,Trailers,15,Sports
"NOTORIOUS REUNION","2005-08-02 14:55:00",NC-17,128,7,"Trailers,Commentaries,Deleted Scenes",6,Documentary
"NOTTING SPEAKEASY","2005-05-26 03:17:42",PG-13,48,7,"Trailers,Commentaries",7,Drama
"NOVOCAINE FLIGHT","2005-06-19 21:41:46",G,64,4,"Trailers,Commentaries,Deleted Scenes",15,Sports
"NUTS TIES","2005-07-29 18:28:54",NC-17,145,5,"Trailers,Behind the Scenes",13,New
"OCTOBER SUBMARINE","2005-05-25 08:56:42",PG-13,54,6,"Trailers,Commentaries,Behind the Scenes",4,Classics
"ODDS BOOGIE","2005-05-27 07:31:20",NC-17,48,6,"Trailers,Commentaries,Behind the Scenes",8,Family
"OKLAHOMA JUMANJI","2005-07-07 06:25:11",PG,58,7,"Behind the Scenes",13,New
"OLEANDER CLUE","2005-07-28 14:27:51",PG,161,5,"Commentaries,Deleted Scenes",12,Music
"OPEN AFRICAN","2005-06-20 15:33:47",PG,131,7,"Trailers,Commentaries",14,Sci-Fi
"OPERATION OPERATION","2005-08-02 21:04:39",G,156,7,"Trailers,Commentaries,Deleted Scenes,Behind the Scenes",5,Comedy
"OPPOSITE NECKLACE","2005-05-31 11:17:37",PG,92,7,"Deleted Scenes",8,Family
"OPUS ICE","2005-06-18 00:06:16",R,102,5,"Commentaries,Deleted Scenes",9,Foreign
"ORANGE GRAPES","2005-08-01 22:22:11",PG-13,76,4,"Trailers,Commentaries",9,Foreign
"ORDER BETRAYED",NULL,PG-13,120,7,"Deleted Scenes,Behind the Scenes",16,Travel
"ORIENT CLOSER","2005-08-02 06:05:27",R,118,3,"Commentaries,Deleted Scenes",7,Drama
"OSCAR GOLD","2005-06-19 04:34:15",PG,115,7,"Behind the Scenes",2,Animation
"OTHERS SOUP","2005-06-16 14:01:02",PG,118,7,"Deleted Scenes",16,Travel
"OUTBREAK DIVINE","2005-05-26 01:51:48",NC-17,169,6,"Trailers,Deleted Scenes,Behind the Scenes",10,Games
"OUTFIELD MASSACRE","2005-08-01 04:16:16",NC-17,129,4,"Trailers,Deleted Scenes",12,Music
"OUTLAW HANKY","2005-07-27 16:58:33",PG-13,148,7,"Trailers,Commentaries",16,Travel
"OZ LIAISONS","2005-06-15 21:56:39",R,85,4,"Commentaries,Deleted Scenes,Behind the Scenes",2,Animation
"PACIFIC AMISTAD","2005-05-28 07:03:00",G,144,3,"Trailers,Commentaries,Deleted Scenes,Behind the Scenes",6,Documentary
"PACKER MADIGAN","2005-05-25 16:48:24",PG-13,84,3,Trailers,2,Animation
"PAJAMA JAWBREAKER","2005-06-20 20:36:53",R,126,3,"Trailers,Deleted Scenes",4,Classics
"PANIC CLUB","2005-06-19 20:41:35",G,102,3,"Commentaries,Deleted Scenes",11,Horror
"PANKY SUBMARINE","2005-08-01 07:08:46",G,93,4,"Trailers,Commentaries,Deleted Scenes,Behind the Scenes",10,Games
"PANTHER REDS","2005-08-01 02:39:12",NC-17,109,5,"Deleted Scenes,Behind the Scenes",14,Sci-Fi
"PAPI NECKLACE","2005-07-10 02:13:59",PG,128,3,"Trailers,Deleted Scenes,Behind the Scenes",16,Travel
"PARADISE SABRINA","2005-07-09 18:04:29",PG-13,48,5,"Commentaries,Deleted Scenes,Behind the Scenes",5,Comedy
"PARIS WEEKEND","2005-06-16 13:18:48",PG-13,121,7,"Trailers,Commentaries,Deleted Scenes,Behind the Scenes",11,Horror
"PARK CITIZEN","2005-07-12 08:33:49",PG-13,109,3,"Trailers,Deleted Scenes",1,Action
"PARTY KNOCK","2005-07-08 20:23:15",PG,107,7,"Trailers,Behind the Scenes",5,Comedy
"PAST SUICIDES","2005-07-31 06:41:46",PG-13,157,5,"Trailers,Deleted Scenes,Behind the Scenes",9,Foreign
"PATHS CONTROL","2005-07-28 01:14:49",PG,118,3,"Trailers,Behind the Scenes",7,Drama
"PATIENT SISTER","2005-06-19 17:46:52",NC-17,99,7,"Trailers,Commentaries",4,Classics
"PATRIOT ROMAN","2005-07-28 20:57:06",PG,65,6,"Trailers,Deleted Scenes",1,Action
"PATTON INTERVIEW","2005-07-07 08:40:17",PG,175,4,Commentaries,11,Horror
"PAYCHECK WAIT","2005-07-07 20:20:29",PG-13,145,4,"Commentaries,Deleted Scenes",7,Drama
"PEACH INNOCENT","2005-07-11 23:49:37",PG-13,160,3,"Commentaries,Behind the Scenes",15,Sports
"PEAK FOREVER","2005-07-10 00:09:11",PG,80,7,"Trailers,Commentaries,Deleted Scenes,Behind the Scenes",15,Sports
"PEARL DESTINY",NULL,NC-17,74,3,Trailers,9,Foreign
"PELICAN COMFORTS","2005-05-25 00:39:22",PG,48,4,"Commentaries,Deleted Scenes",6,Documentary
"PERDITION FARGO",NULL,NC-17,99,7,"Trailers,Behind the Scenes",15,Sports
"PERFECT GROOVE","2005-08-01 22:51:08",PG-13,82,7,"Commentaries,Deleted Scenes,Behind the Scenes",5,Comedy
"PERSONAL LADYBUGS","2005-07-10 04:56:55",PG-13,118,3,"Deleted Scenes,Behind the Scenes",12,Music
"PET HAUNTING","2005-07-07 05:30:56",PG,99,3,"Trailers,Commentaries",9,Foreign
"PHANTOM GLORY","2005-06-18 06:03:27",NC-17,60,6,"Commentaries,Behind the Scenes",13,New
"PHILADELPHIA WIFE","2005-06-19 08:22:09",PG-13,137,7,"Trailers,Commentaries,Deleted Scenes",15,Sports
"PIANIST OUTFIELD","2005-08-02 18:06:01",NC-17,136,6,"Trailers,Commentaries,Deleted Scenes",13,New
"PICKUP DRIVING","2005-05-29 07:38:52",G,77,3,"Trailers,Commentaries,Deleted Scenes,Behind the Scenes",15,Sports
"PILOT HOOSIERS","2005-06-18 06:20:54",PG,50,6,"Trailers,Deleted Scenes",8,Family
"PINOCCHIO SIMON","2005-07-29 14:03:20",PG,103,4,"Commentaries,Behind the Scenes",5,Comedy
"PIRATES ROXANNE","2005-05-25 05:53:23",PG,100,4,"Commentaries,Deleted Scenes",15,Sports
"PITTSBURGH HUNCHBACK","2005-07-06 23:28:24",PG-13,134,4,"Trailers,Deleted Scenes,Behind the Scenes",8,Family
"PITY BOUND","2005-07-06 15:43:15",NC-17,60,5,Commentaries,7,Drama
"PIZZA JUMANJI","2005-05-27 23:26:45",NC-17,173,4,Commentaries,10,Games
"PLATOON INSTINCT","2005-06-20 01:06:34",PG-13,132,6,"Trailers,Commentaries",13,New
"PLUTO OLEANDER","2005-05-28 07:44:18",R,84,5,"Behind the Scenes",13,New
"POCUS PULP","2005-07-11 10:36:28",NC-17,138,6,"Commentaries,Deleted Scenes,Behind the Scenes",6,Documentary
"POLISH BROOKLYN","2005-07-07 04:48:02",PG,61,6,"Trailers,Commentaries,Deleted Scenes,Behind the Scenes",3,Children
"POLLOCK DELIVERANCE","2005-05-31 20:34:45",PG,137,5,Commentaries,9,Foreign
"POND SEATTLE","2005-05-29 23:56:42",PG-13,185,7,"Trailers,Commentaries,Behind the Scenes",2,Animation
"POSEIDON FOREVER","2005-07-11 04:06:17",PG-13,159,6,Commentaries,15,Sports
"POTLUCK MIXED","2005-07-10 19:02:10",G,179,3,"Behind the Scenes",2,Animation
"POTTER CONNECTICUT","2005-05-31 14:24:18",PG,115,5,"Trailers,Commentaries",2,Animation
"PREJUDICE OLEANDER","2005-07-27 16:01:05",PG-13,98,6,"Trailers,Commentaries,Deleted Scenes",4,Classics
"PRESIDENT BANG","2005-06-18 11:24:54",PG,144,6,"Behind the Scenes",8,Family
"PRIDE ALAMO","2005-08-01 16:51:15",NC-17,114,6,"Deleted Scenes",2,Animation
"PRIMARY GLASS","2005-06-18 23:01:36",G,53,7,"Trailers,Deleted Scenes,Behind the Scenes",1,Action
"PRINCESS GIANT","2005-08-01 06:42:44",NC-17,71,3,"Trailers,Deleted Scenes",6,Documentary
"PRIVATE DROP","2005-07-06 21:07:23",PG,106,7,Trailers,10,Games
"PRIX UNDEFEATED","2005-05-29 08:35:49",R,115,4,"Trailers,Deleted Scenes",8,Family
"PSYCHO SHRUNK",NULL,PG-13,155,5,"Behind the Scenes",10,Games
"PULP BEVERLY","2005-07-29 16:43:39",G,89,4,"Trailers,Behind the Scenes",11,Horror
"PUNK DIVORCE","2005-05-30 10:58:33",PG,100,6,"Trailers,Commentaries,Deleted Scenes",2,Animation
"PURE RUNNER","2005-07-07 19:43:28",NC-17,121,3,"Trailers,Deleted Scenes",5,Comedy
"PURPLE MOVIE","2005-05-25 10:10:14",R,88,4,"Commentaries,Deleted Scenes",9,Foreign
"QUEEN LUKE","2005-07-12 19:14:53",PG,163,5,"Commentaries,Deleted Scenes,Behind the Scenes",7,Drama
"QUEST MUSSOLINI","2005-07-10 02:42:58",R,177,5,"Behind the Scenes",1,Action
"QUILLS BULL","2005-06-18 12:53:25",R,112,4,"Trailers,Behind the Scenes",6,Documentary
"RACER EGG","2005-08-02 05:29:31",NC-17,147,7,"Trailers,Commentaries,Deleted Scenes",7,Drama
"RAGE GAMES","2005-07-28 01:02:40",R,120,4,"Trailers,Behind the Scenes",8,Family
"RAGING AIRPLANE","2005-07-08 09:14:29",R,154,4,"Commentaries,Deleted Scenes",14,Sci-Fi
"RAIDERS ANTITRUST",NULL,PG-13,82,4,"Deleted Scenes",6,Documentary
"RAINBOW SHOCK",NULL,PG,74,3,"Trailers,Commentaries,Deleted Scenes,Behind the Scenes",6,Documentary
"RANDOM GO","2005-07-07 10:45:29",NC-17,73,6,Trailers,14,Sci-Fi
"RANGE MOONWALKER","2005-07-12 20:15:04",PG,147,3,"Trailers,Commentaries,Deleted Scenes",8,Family
"REAP UNFAITHFUL","2005-07-11 15:23:46",PG-13,136,6,"Trailers,Commentaries",11,Horror
"REAR TRADING","2005-07-11 12:16:42",NC-17,97,6,"Trailers,Commentaries,Deleted Scenes",1,Action
"REBEL AIRPORT","2005-06-15 15:17:21",G,73,7,"Trailers,Behind the Scenes",12,Music
"RECORDS ZORRO","2005-05-26 14:52:15",PG,182,7,"Behind the Scenes",15,Sports
"REDEMPTION COMFORTS","2005-07-10 13:45:54",NC-17,179,3,"Trailers,Deleted Scenes,Behind the Scenes",13,New
"REDS POCUS","2005-05-25 02:53:02",PG-13,182,7,"Trailers,Behind the Scenes",12,Music
"REEF SALUTE","2005-07-10 13:26:45",NC-17,123,5,"Behind the Scenes",11,Horror
"REIGN GENTLEMEN","2005-05-30 12:10:59",PG-13,82,3,"Deleted Scenes,Behind the Scenes",14,Sci-Fi
"REMEMBER DIARY","2005-07-31 05:57:42",R,110,5,"Trailers,Commentaries",8,Family
"REQUIEM TYCOON","2005-08-01 14:19:48",R,167,6,"Trailers,Commentaries,Behind the Scenes",4,Classics
"RESERVOIR ADAPTATION","2005-07-11 05:45:59",PG-13,61,7,Commentaries,9,Foreign
"RESURRECTION SILVERADO","2005-05-27 04:13:41",PG,117,6,"Trailers,Deleted Scenes",8,Family
"REUNION WITCHES","2005-07-11 02:18:13",R,63,3,Commentaries,7,Drama
"RIDER CADDYSHACK","2005-07-12 22:29:18",PG,177,5,"Commentaries,Behind the Scenes",15,Sports
"RIDGEMONT SUBMARINE","2005-07-12 07:41:48",PG-13,46,3,"Commentaries,Deleted Scenes,Behind the Scenes",13,New
"RIGHT CRANES","2005-07-06 07:40:31",PG-13,153,7,"Trailers,Commentaries,Deleted Scenes",4,Classics
"RINGS HEARTBREAKERS","2005-07-09 00:46:56",G,58,5,"Trailers,Commentaries,Behind the Scenes",1,Action
"RIVER OUTLAW","2005-07-29 00:37:09",PG-13,149,4,Commentaries,15,Sports
"ROAD ROXANNE","2005-08-02 00:32:04",R,158,4,"Behind the Scenes",6,Documentary
"ROBBERS JOON","2005-05-25 17:30:42",PG-13,102,7,Commentaries,3,Children
"ROBBERY BRIGHT","2005-05-27 19:58:36",R,134,4,Trailers,8,Family
"ROCK INSTINCT","2005-06-19 04:23:18",G,102,4,"Trailers,Commentaries,Deleted Scenes,Behind the Scenes",11,Horror
"ROCKETEER MOTHER","2005-05-27 16:54:27",PG-13,178,3,"Deleted Scenes,Behind the Scenes",9,Foreign
"ROCKY WAR","2005-07-10 03:29:48",PG-13,145,4,"Trailers,Commentaries,Behind the Scenes",7,Drama
"ROLLERCOASTER BRINGING","2005-07-29 08:11:31",PG-13,153,5,"Trailers,Commentaries,Deleted Scenes",11,Horror
"ROMAN PUNK","2005-05-25 01:10:47",NC-17,81,7,Trailers,12,Music
"ROOF CHAMPION",NULL,R,101,7,"Deleted Scenes,Behind the Scenes",10,Games
"ROOM ROMAN","2005-07-07 17:01:19",PG,60,7,"Trailers,Deleted Scenes,Behind the Scenes",2,Animation
"ROOTS REMEMBER","2005-08-02 02:04:03",PG-13,89,4,"Commentaries,Deleted Scenes,Behind the Scenes",4,Classics
"ROSES TREASURE","2005-05-25 11:13:34",PG-13,162,5,"Commentaries,Deleted Scenes,Behind the Scenes",15,Sports
"ROUGE SQUAD","2005-07-27 20:33:08",NC-17,118,3,"Commentaries,Deleted Scenes,Behind the Scenes",10,Games
"ROXANNE REBEL","2005-06-17 05:25:54",R,171,5,"Deleted Scenes,Behind the Scenes",10,Games
"RUGRATS SHAKESPEARE","2005-07-12 12:45:21",PG-13,109,4,"Trailers,Commentaries,Deleted Scenes,Behind the Scenes",1,Action
"RULES HUMAN","2005-06-15 23:57:20",R,153,6,"Deleted Scenes,Behind the Scenes",11,Horror
"RUN PACIFIC","2005-05-31 02:49:43",R,145,3,"Commentaries,Deleted Scenes,Behind the Scenes",13,New
"RUNAWAY TENENBAUMS","2005-07-06 14:24:56",NC-17,181,6,Commentaries,13,New
"RUNNER MADIGAN","2005-07-12 12:47:59",NC-17,101,6,"Commentaries,Deleted Scenes,Behind the Scenes",12,Music
"RUSH GOODFELLAS","2005-06-19 17:22:31",PG,48,3,"Deleted Scenes",8,Family
"RUSHMORE MERMAID","2005-06-16 00:25:52",PG-13,150,6,"Trailers,Commentaries,Deleted Scenes",5,Comedy
"SABRINA MIDNIGHT","2005-07-12 07:21:17",PG,99,5,"Trailers,Behind the Scenes",3,Children
"SADDLE ANTITRUST","2005-05-26 21:06:14",PG-13,80,7,"Trailers,Deleted Scenes",5,Comedy
"SAGEBRUSH CLUELESS","2005-07-31 01:46:24",G,106,4,Trailers,6,Documentary
"SAINTS BRIDE","2005-06-20 03:42:27",G,125,5,"Deleted Scenes",7,Drama
"SALUTE APOLLO","2005-08-01 01:45:26",R,73,4,"Trailers,Commentaries,Deleted Scenes,Behind the Scenes",13,New
"SAMURAI LION","2005-07-27 11:19:01",G,110,5,Commentaries,13,New
"SANTA PARIS","2005-08-02 09:03:25",PG,154,7,"Commentaries,Behind the Scenes",3,Children
"SASSY PACKER","2005-07-07 03:28:49",G,154,6,"Deleted Scenes,Behind the Scenes",10,Games
"SATISFACTION CONFIDENTIAL","2005-07-09 08:55:52",G,75,3,"Commentaries,Deleted Scenes,Behind the Scenes",15,Sports
"SATURDAY LAMBS","2005-07-09 22:22:10",G,150,3,"Commentaries,Deleted Scenes",15,Sports
"SATURN NAME","2005-07-12 19:01:30",R,182,7,"Trailers,Commentaries,Deleted Scenes,Behind the Scenes",5,Comedy
"SAVANNAH TOWN","2005-06-19 11:11:23",PG-13,84,5,"Commentaries,Deleted Scenes,Behind the Scenes",7,Drama
"SCALAWAG DUCK","2005-05-27 19:31:36",NC-17,183,6,"Commentaries,Behind the Scenes",12,Music
"SCARFACE BANG","2005-07-27 09:47:53",PG-13,102,3,"Commentaries,Deleted Scenes",3,Children
"SCHOOL JACKET","2005-07-30 03:11:44",PG-13,151,5,Trailers,9,Foreign
"SCISSORHANDS SLUMS","2005-05-28 11:19:53",G,147,5,"Commentaries,Deleted Scenes,Behind the Scenes",9,Foreign
"SCORPION APOLLO","2005-05-29 21:45:32",NC-17,137,3,"Commentaries,Deleted Scenes",7,Drama
"SEA VIRGIN","2005-07-07 13:05:52",PG,80,4,"Deleted Scenes",7,Drama
"SEABISCUIT PUNK","2005-07-11 07:01:35",NC-17,112,6,"Commentaries,Deleted Scenes,Behind the Scenes",15,Sports
"SEARCHERS WAIT","2005-08-01 04:44:58",NC-17,182,3,"Trailers,Commentaries,Deleted Scenes,Behind the Scenes",5,Comedy
"SEATTLE EXPECATIONS","2005-05-30 09:38:41",PG-13,110,4,Trailers,7,Drama
"SECRET GROUNDHOG","2005-05-28 18:45:47",PG,90,6,"Commentaries,Deleted Scenes",6,Documentary
"SECRETARY ROUGE","2005-07-10 15:08:41",PG,158,5,"Commentaries,Behind the Scenes",15,Sports
"SECRETS PARADISE","2005-07-31 10:26:19",G,109,3,"Trailers,Commentaries",8,Family
"SENSE GREEK","2005-07-12 21:44:16",R,54,4,"Deleted Scenes,Behind the Scenes",15,Sports
"SENSIBILITY REAR","2005-07-07 19:04:24",PG,98,7,"Behind the Scenes",8,Family
"SEVEN SWARM","2005-07-27 03:53:43",R,127,4,"Deleted Scenes",10,Games
"SHAKESPEARE SADDLE","2005-05-30 23:47:56",PG-13,60,6,"Commentaries,Behind the Scenes",15,Sports
"SHANE DARKNESS","2005-05-26 10:14:09",PG,93,5,"Commentaries,Deleted Scenes",16,Travel
"SHANGHAI TYCOON","2005-07-10 11:22:08",PG,47,7,"Commentaries,Deleted Scenes,Behind the Scenes",16,Travel
"SHAWSHANK BUBBLE","2005-06-17 11:57:15",PG,80,6,"Commentaries,Deleted Scenes",16,Travel
"SHEPHERD MIDSUMMER","2005-08-01 16:56:17",R,113,7,"Deleted Scenes",3,Children
"SHINING ROSES","2005-08-02 15:51:58",G,125,4,"Trailers,Commentaries,Deleted Scenes,Behind the Scenes",16,Travel
"SHIP WONDERLAND","2005-05-30 04:19:55",R,104,5,Commentaries,6,Documentary
"SHOCK CABIN","2005-06-15 10:16:27",PG-13,79,7,"Trailers,Commentaries,Behind the Scenes",9,Foreign
"SHOOTIST SUPERFLY","2005-07-08 06:52:40",PG-13,67,6,Trailers,7,Drama
"SHOW LORD","2005-06-18 03:43:23",PG-13,167,3,"Deleted Scenes",6,Documentary
"SHREK LICENSE","2005-05-30 11:27:06",PG-13,154,7,Commentaries,9,Foreign
"SHRUNK DIVINE","2005-05-28 07:39:16",R,139,6,"Trailers,Deleted Scenes,Behind the Scenes",1,Action
"SIDE ARK","2005-07-29 10:16:19",G,52,5,"Deleted Scenes,Behind the Scenes",1,Action
"SIEGE MADRE","2005-06-17 23:07:29",R,111,7,"Trailers,Deleted Scenes",8,Family
"SIERRA DIVIDE","2005-06-19 18:25:07",NC-17,135,3,"Commentaries,Deleted Scenes",15,Sports
"SILENCE KANE","2005-07-09 07:25:47",R,67,7,"Trailers,Deleted Scenes,Behind the Scenes",12,Music
"SILVERADO GOLDFINGER","2005-07-29 20:14:25",PG,74,4,"Trailers,Commentaries",14,Sci-Fi
"SIMON NORTH","2005-07-08 04:17:47",NC-17,51,3,"Trailers,Commentaries",11,Horror
"SINNERS ATLANTIS","2005-05-28 16:13:22",PG-13,126,7,"Trailers,Commentaries,Deleted Scenes",11,Horror
"SISTER FREDDY",NULL,PG-13,152,5,"Trailers,Behind the Scenes",3,Children
"SKY MIRACLE",NULL,PG,132,7,"Trailers,Commentaries,Deleted Scenes",1,Action
"SLACKER LIAISONS","2005-07-11 21:19:01",R,179,7,"Trailers,Commentaries,Behind the Scenes",7,Drama
"SLEEPING SUSPECTS","2005-05-30 13:08:45",PG-13,129,7,"Trailers,Commentaries",11,Horror
"SLEEPLESS MONSOON","2005-07-06 10:12:45",G,64,5,"Trailers,Deleted Scenes,Behind the Scenes",2,Animation
"SLEEPY JAPANESE","2005-07-09 10:06:53",PG,137,4,"Trailers,Commentaries,Deleted Scenes",13,New
"SLEUTH ORIENT","2005-05-29 08:10:07",NC-17,87,4,"Deleted Scenes,Behind the Scenes",10,Games
"SLING LUKE","2005-06-19 18:58:53",R,84,5,"Behind the Scenes",4,Classics
"SLIPPER FIDELITY","2005-06-15 10:30:19",PG-13,156,5,"Trailers,Deleted Scenes",15,Sports
"SLUMS DUCK","2005-06-16 21:06:20",PG,147,5,"Commentaries,Deleted Scenes,Behind the Scenes",8,Family
"SMILE EARRING","2005-06-17 04:18:48",G,60,4,"Commentaries,Behind the Scenes",16,Travel
"SMOKING BARBARELLA","2005-07-29 16:56:01",PG-13,50,7,"Behind the Scenes",6,Documentary
"SMOOCHY CONTROL","2005-07-09 05:44:28",R,184,7,"Behind the Scenes",15,Sports
"SNATCH SLIPPER","2005-07-27 23:54:52",PG,110,6,Commentaries,5,Comedy
"SNATCHERS MONTEZUMA","2005-07-07 20:37:53",PG-13,74,4,Commentaries,4,Classics
"SNOWMAN ROLLERCOASTER","2005-07-09 00:02:46",G,62,3,Trailers,2,Animation
"SOLDIERS EVOLUTION","2005-05-30 15:20:19",R,185,7,"Trailers,Commentaries,Deleted Scenes,Behind the Scenes",14,Sci-Fi
"SOMETHING DUCK","2005-06-18 18:11:51",NC-17,180,4,"Commentaries,Behind the Scenes",7,Drama
"SONG HEDWIG","2005-05-25 04:01:32",PG-13,165,3,"Trailers,Deleted Scenes",12,Music
"SONS INTERVIEW","2005-07-28 23:44:13",NC-17,184,3,"Commentaries,Behind the Scenes",2,Animation
"SORORITY QUEEN","2005-07-30 02:09:14",NC-17,184,6,"Trailers,Deleted Scenes",9,Foreign
"SOUP WISDOM","2005-05-29 20:24:28",R,169,6,"Behind the Scenes",8,Family
"SOUTH WAIT","2005-05-27 11:02:26",R,143,4,"Commentaries,Behind the Scenes",1,Action
"SPARTACUS CHEAPER","2005-07-27 09:16:53",NC-17,52,4,"Deleted Scenes,Behind the Scenes",8,Family
"SPEAKEASY DATE","2005-05-29 05:53:23",PG-13,165,6,"Deleted Scenes,Behind the Scenes",1,Action
"SPEED SUIT","2005-06-21 04:08:43",PG-13,124,7,"Commentaries,Behind the Scenes",16,Travel
"SPICE SORORITY","2005-05-30 10:43:38",NC-17,141,5,"Trailers,Commentaries,Deleted Scenes,Behind the Scenes",7,Drama
"SPIKING ELEMENT","2005-07-29 18:41:31",G,79,7,"Trailers,Deleted Scenes,Behind the Scenes",4,Classics
"SPINAL ROCKY","2005-07-09 08:46:18",PG-13,138,7,"Commentaries,Deleted Scenes",8,Family
"SPIRIT FLINTSTONES","2005-07-09 21:25:20",R,149,7,"Commentaries,Deleted Scenes",11,Horror
"SPIRITED CASUALTIES","2005-06-16 19:47:18",PG-13,138,5,"Commentaries,Behind the Scenes",14,Sci-Fi
"SPLASH GUMP","2005-06-17 00:07:07",PG,175,5,"Trailers,Commentaries,Deleted Scenes,Behind the Scenes",8,Family
"SPLENDOR PATTON","2005-08-01 15:27:05",R,134,5,"Trailers,Commentaries,Deleted Scenes,Behind the Scenes",3,Children
"SPOILERS HELLFIGHTERS","2005-08-01 20:32:42",G,151,4,"Trailers,Commentaries,Deleted Scenes,Behind the Scenes",6,Documentary
"SPY MILE","2005-08-01 11:53:17",PG-13,112,6,"Trailers,Commentaries,Deleted Scenes,Behind the Scenes",10,Games
"SQUAD FISH","2005-07-08 21:37:31",PG,136,3,"Commentaries,Deleted Scenes,Behind the Scenes",15,Sports
"STAGE WORLD","2005-07-27 15:56:15",PG,85,4,"Commentaries,Behind the Scenes",5,Comedy
"STAGECOACH ARMAGEDDON","2005-06-21 12:08:18",R,112,5,"Trailers,Deleted Scenes",1,Action
"STALLION SUNDANCE","2005-07-30 16:52:43",PG-13,130,5,"Deleted Scenes,Behind the Scenes",14,Sci-Fi
"STAMPEDE DISTURBING","2005-06-16 03:13:09",R,75,5,"Commentaries,Deleted Scenes,Behind the Scenes",10,Games
"STAR OPERATION","2005-07-06 03:48:44",PG,181,5,Commentaries,15,Sports
"STATE WASTELAND","2005-06-15 10:23:08",NC-17,113,4,"Trailers,Commentaries,Deleted Scenes,Behind the Scenes",10,Games
"STEEL SANTA","2005-07-06 10:01:23",NC-17,143,4,"Commentaries,Deleted Scenes",4,Classics
"STEERS ARMAGEDDON","2005-06-17 05:40:52",PG,140,6,"Trailers,Commentaries,Deleted Scenes,Behind the Scenes",15,Sports
"STEPMOM DREAM","2005-07-11 23:05:49",NC-17,48,7,"Deleted Scenes,Behind the Scenes",9,Foreign
"STING PERSONAL","2005-06-21 06:55:36",NC-17,93,3,"Commentaries,Deleted Scenes,Behind the Scenes",13,New
"STOCK GLASS","2005-07-08 16:45:16",PG,160,7,Commentaries,13,New
"STONE FIRE","2005-05-26 20:35:19",G,94,3,Trailers,16,Travel
"STORM HAPPINESS","2005-07-10 18:14:22",NC-17,57,6,"Trailers,Commentaries,Behind the Scenes",2,Animation
"STORY SIDE","2005-07-08 11:37:21",R,163,7,"Trailers,Behind the Scenes",1,Action
"STRAIGHT HOURS","2005-07-29 07:13:33",R,151,3,"Commentaries,Behind the Scenes",15,Sports
"STRANGELOVE DESIRE","2005-07-27 07:10:40",NC-17,103,4,"Trailers,Commentaries,Deleted Scenes",3,Children
"STRANGER STRANGERS","2005-05-29 18:10:24",G,139,3,"Commentaries,Deleted Scenes",3,Children
"STRANGERS GRAFFITI","2005-05-29 22:50:25",R,119,4,"Trailers,Behind the Scenes",11,Horror
"STREAK RIDGEMONT","2005-06-19 03:05:38",PG-13,132,7,"Trailers,Behind the Scenes",6,Documentary
"STREETCAR INTENTIONS","2005-07-10 21:35:12",R,73,5,Commentaries,11,Horror
"STRICTLY SCARFACE","2005-06-16 12:50:01",PG-13,144,3,"Commentaries,Deleted Scenes,Behind the Scenes",5,Comedy
"SUBMARINE BED","2005-07-29 22:56:07",R,127,5,Trailers,5,Comedy
"SUGAR WONKA","2005-08-02 09:52:44",PG,114,3,"Trailers,Commentaries,Behind the Scenes",2,Animation
"SUICIDES SILENCE",NULL,G,93,4,"Deleted Scenes",14,Sci-Fi
"SUIT WALLS","2005-07-12 00:45:17",R,111,3,Commentaries,10,Games
"SUMMER SCARFACE","2005-06-17 18:42:09",G,53,5,"Deleted Scenes,Behind the Scenes",4,Classics
"SUN CONFESSIONS","2005-07-11 15:06:20",R,141,5,"Trailers,Behind the Scenes",14,Sci-Fi
"SUNDANCE INVASION","2005-05-31 19:19:36",NC-17,92,5,"Commentaries,Behind the Scenes",3,Children
"SUNRISE LEAGUE","2005-05-30 02:01:21",PG-13,135,3,"Behind the Scenes",2,Animation
"SUNSET RACER","2005-05-31 03:05:07",NC-17,48,6,"Commentaries,Behind the Scenes",8,Family
"SUPER WYOMING","2005-07-30 08:56:36",PG,58,5,"Trailers,Commentaries,Behind the Scenes",8,Family
"SUPERFLY TRIP","2005-07-10 23:47:18",PG,114,5,"Commentaries,Behind the Scenes",16,Travel
"SUSPECTS QUILLS","2005-06-21 11:29:23",PG,47,4,Trailers,1,Action
"SWARM GOLD","2005-07-09 20:07:09",PG-13,123,4,"Trailers,Commentaries",11,Horror
"SWEDEN SHINING","2005-05-30 03:14:59",PG,176,6,"Deleted Scenes,Behind the Scenes",5,Comedy
"SWEET BROTHERHOOD","2005-05-26 05:42:37",R,185,3,"Deleted Scenes",16,Travel
"SWEETHEARTS SUSPECTS","2005-07-10 15:27:04",G,108,3,"Trailers,Commentaries,Deleted Scenes,Behind the Scenes",3,Children
"TADPOLE PARK",NULL,PG,155,6,"Trailers,Commentaries",4,Classics
"TALENTED HOMICIDE","2005-07-10 17:36:27",PG,173,6,"Commentaries,Deleted Scenes,Behind the Scenes",15,Sports
"TARZAN VIDEOTAPE","2005-06-21 17:18:01",PG-13,91,3,Trailers,11,Horror
"TAXI KICK","2005-06-17 13:13:27",PG-13,64,4,"Commentaries,Deleted Scenes",12,Music
"TEEN APOLLO","2005-05-25 09:47:31",G,74,3,"Trailers,Deleted Scenes,Behind the Scenes",16,Travel
"TELEGRAPH VOYAGE","2005-06-17 18:09:04",PG,148,3,Commentaries,12,Music
"TELEMARK HEARTBREAKERS","2005-07-10 05:56:40",PG-13,152,6,"Trailers,Commentaries,Deleted Scenes,Behind the Scenes",2,Animation
"TEMPLE ATTRACTION","2005-07-30 08:19:47",PG,71,5,"Commentaries,Deleted Scenes",11,Horror
"TENENBAUMS COMMAND","2005-05-30 11:35:06",PG-13,99,4,"Trailers,Commentaries",7,Drama
"TEQUILA PAST","2005-07-08 17:04:06",PG,53,6,"Commentaries,Behind the Scenes",3,Children
"TERMINATOR CLUB","2005-07-31 09:10:20",R,88,5,"Trailers,Deleted Scenes,Behind the Scenes",12,Music
"TEXAS WATCH","2005-07-12 10:41:34",NC-17,179,7,Trailers,11,Horror
"THEORY MERMAID","2005-07-31 05:46:03",PG-13,184,5,"Deleted Scenes,Behind the Scenes",2,Animation
"THIEF PELICAN","2005-05-25 11:35:18",PG-13,135,5,"Deleted Scenes,Behind the Scenes",2,Animation
"THIN SAGEBRUSH","2005-06-15 15:28:23",PG-13,53,5,"Behind the Scenes",6,Documentary
"TIES HUNGER","2005-08-02 22:18:13",R,111,3,"Deleted Scenes",3,Children
"TIGHTS DAWN","2005-06-19 13:36:06",R,172,5,"Trailers,Behind the Scenes",15,Sports
"TIMBERLAND SKY","2005-05-28 03:18:02",G,69,3,Commentaries,4,Classics
"TITANIC BOONDOCK","2005-07-31 13:02:55",R,104,3,"Trailers,Commentaries,Deleted Scenes,Behind the Scenes",2,Animation
"TITANS JERK","2005-07-08 20:56:00",PG,91,4,"Behind the Scenes",14,Sci-Fi
"TOMATOES HELLFIGHTERS","2005-07-07 06:51:12",PG,68,6,"Behind the Scenes",16,Travel
"TOMORROW HUSTLER","2005-06-18 02:29:10",R,142,3,Commentaries,4,Classics
"TOOTSIE PILOT","2005-06-18 22:12:09",PG,157,3,"Commentaries,Deleted Scenes,Behind the Scenes",3,Children
"TORQUE BOUND","2005-05-31 16:15:31",G,179,3,"Trailers,Commentaries",7,Drama
"TOURIST PELICAN","2005-06-19 06:51:32",PG-13,152,4,"Deleted Scenes",15,Sports
"TOWERS HURRICANE","2005-06-18 16:33:48",NC-17,144,7,"Commentaries,Behind the Scenes",4,Classics
"TOWN ARK","2005-07-29 08:36:53",R,136,6,"Behind the Scenes",9,Foreign
"TRACY CIDER","2005-07-30 13:58:41",G,142,3,"Trailers,Commentaries,Behind the Scenes",2,Animation
"TRADING PINOCCHIO","2005-07-07 04:34:38",PG,170,6,"Trailers,Deleted Scenes,Behind the Scenes",15,Sports
"TRAFFIC HOBBIT","2005-08-01 11:48:51",G,139,5,"Trailers,Commentaries",16,Travel
"TRAIN BUNCH","2005-08-02 22:18:24",R,71,3,"Trailers,Deleted Scenes",11,Horror
"TRAINSPOTTING STRANGERS","2005-05-28 08:38:43",PG-13,132,7,Trailers,5,Comedy
"TRAMP OTHERS","2005-06-19 01:20:00",PG,171,4,"Deleted Scenes",5,Comedy
"TRANSLATION SUMMER","2005-05-30 23:25:14",PG-13,168,4,Trailers,7,Drama
"TRAP GUYS","2005-07-11 23:27:52",G,110,3,"Commentaries,Behind the Scenes",9,Foreign
"TREASURE COMMAND",NULL,PG-13,102,3,"Trailers,Commentaries,Deleted Scenes,Behind the Scenes",11,Horror
"TREATMENT JEKYLL","2005-05-28 02:40:50",PG,87,3,"Trailers,Deleted Scenes,Behind the Scenes",7,Drama
"TRIP NEWTON","2005-05-26 10:44:04",PG-13,64,7,"Commentaries,Deleted Scenes",1,Action
"TROJAN TOMORROW","2005-08-02 06:23:39",PG,52,3,"Commentaries,Deleted Scenes",14,Sci-Fi
"TROOPERS METAL","2005-07-31 19:07:43",R,115,3,"Deleted Scenes,Behind the Scenes",13,New
"TROUBLE DATE","2005-06-18 00:29:51",PG,61,6,"Trailers,Commentaries,Behind the Scenes",16,Travel
"TRUMAN CRAZY","2005-07-31 08:24:41",G,92,7,"Trailers,Commentaries",1,Action
"TURN STAR","2005-05-28 17:47:58",G,80,3,"Commentaries,Behind the Scenes",2,Animation
"TUXEDO MILE","2005-08-01 08:53:04",R,152,3,"Commentaries,Deleted Scenes,Behind the Scenes",15,Sports
"TWISTED PIRATES","2005-07-29 13:25:02",PG,152,4,"Trailers,Commentaries,Deleted Scenes",3,Children
"TYCOON GATHERING","2005-07-09 13:55:45",G,82,3,"Trailers,Commentaries,Deleted Scenes",10,Games
"UNBREAKABLE KARATE","2005-06-19 12:12:23",G,62,3,"Deleted Scenes,Behind the Scenes",13,New
"UNCUT SUICIDES","2005-07-29 14:05:12",PG-13,172,7,"Trailers,Commentaries,Behind the Scenes",12,Music
"UNDEFEATED DALMATIONS","2005-07-29 01:23:23",PG-13,107,7,Commentaries,11,Horror
"UNFAITHFUL KILL","2005-06-15 07:21:21",R,78,7,"Commentaries,Deleted Scenes",7,Drama
"UNFORGIVEN ZOOLANDER","2005-07-29 01:11:00",PG,129,7,"Trailers,Commentaries,Behind the Scenes",14,Sci-Fi
"UNITED PILOT","2005-05-28 15:03:44",R,164,3,"Trailers,Deleted Scenes",6,Documentary
"UNTOUCHABLES SUNRISE","2005-07-11 21:09:31",NC-17,120,5,"Trailers,Deleted Scenes",6,Documentary
"UPRISING UPTOWN","2005-05-26 15:46:56",NC-17,174,6,"Trailers,Behind the Scenes",1,Action
"UPTOWN YOUNG","2005-05-30 05:49:13",PG,84,5,Commentaries,3,Children
"USUAL UNTOUCHABLES","2005-07-12 12:53:11",PG-13,128,5,"Trailers,Commentaries,Behind the Scenes",9,Foreign
"VACATION BOONDOCK","2005-05-29 09:25:10",R,145,4,Commentaries,14,Sci-Fi
"VALENTINE VANISHING","2005-05-25 19:30:46",PG-13,48,7,"Trailers,Behind the Scenes",16,Travel
"VALLEY PACKER","2005-05-25 17:46:33",G,73,3,"Commentaries,Deleted Scenes",5,Comedy
"VAMPIRE WHALE","2005-05-26 10:18:27",NC-17,126,4,"Trailers,Commentaries",13,New
"VANILLA DAY","2005-07-26 23:51:27",NC-17,122,7,"Deleted Scenes,Behind the Scenes",10,Games
"VANISHED GARDEN","2005-07-09 19:18:11",R,142,5,"Trailers,Commentaries,Deleted Scenes",13,New
"VANISHING ROCKY","2005-07-10 11:21:21",NC-17,123,3,"Trailers,Commentaries,Behind the Scenes",12,Music
"VARSITY TRIP","2005-06-15 23:58:53",NC-17,85,7,"Commentaries,Deleted Scenes",13,New
"VELVET TERMINATOR","2005-05-28 18:59:12",R,173,3,"Behind the Scenes",5,Comedy
"VERTIGO NORTHWEST","2005-07-29 18:34:33",R,90,4,"Commentaries,Behind the Scenes",5,Comedy
"VICTORY ACADEMY","2005-07-06 00:57:29",PG-13,64,6,"Trailers,Behind the Scenes",15,Sports
"VIDEOTAPE ARSENIC","2005-05-27 17:21:04",NC-17,145,4,"Commentaries,Deleted Scenes,Behind the Scenes",10,Games
"VIETNAM SMOOCHY","2005-06-21 08:42:37",PG-13,174,7,"Deleted Scenes,Behind the Scenes",7,Drama
"VILLAIN DESPERATE",NULL,PG-13,76,4,"Trailers,Commentaries",6,Documentary
"VIRGIN DAISY","2005-07-29 16:15:26",PG-13,179,6,"Trailers,Behind the Scenes",7,Drama
"VIRGINIAN PLUTO","2005-06-20 21:20:51",R,164,5,"Deleted Scenes",6,Documentary
"VIRTUAL SPOILERS","2005-06-19 10:50:02",NC-17,144,3,"Commentaries,Deleted Scenes",8,Family
"VISION TORQUE","2005-07-29 07:33:07",PG-13,59,5,"Commentaries,Deleted Scenes",9,Foreign
"VOICE PEACH","2005-07-11 23:10:50",PG-13,139,6,"Commentaries,Behind the Scenes",13,New
"VOLCANO TEXAS","2005-07-30 00:06:32",NC-17,157,6,"Trailers,Commentaries,Deleted Scenes,Behind the Scenes",10,Games
"VOLUME HOUSE",NULL,PG,132,7,Commentaries,4,Classics
"VOYAGE LEGALLY","2005-07-10 07:09:21",PG-13,78,6,"Commentaries,Behind the Scenes",4,Classics
"WAGON JAWS","2005-06-21 04:55:49",PG,152,7,"Deleted Scenes,Behind the Scenes",6,Documentary
"WAIT CIDER","2005-05-27 05:48:19",PG-13,112,3,Trailers,2,Animation
"WAKE JAWS",NULL,G,73,7,"Trailers,Commentaries,Deleted Scenes,Behind the Scenes",13,New
"WALLS ARTIST",NULL,PG,135,7,"Trailers,Behind the Scenes",3,Children
"WANDA CHAMBER","2005-06-16 07:53:47",PG-13,107,7,"Commentaries,Deleted Scenes,Behind the Scenes",10,Games
"WAR NOTTING","2005-07-29 20:29:34",G,80,7,"Deleted Scenes,Behind the Scenes",9,Foreign
"WARDROBE PHANTOM","2005-05-28 19:45:40",G,178,6,"Trailers,Commentaries",7,Drama
"WARLOCK WEREWOLF","2005-07-06 03:40:36",G,83,6,"Commentaries,Behind the Scenes",3,Children
"WARS PLUTO","2005-07-09 18:10:52",G,128,5,"Commentaries,Behind the Scenes",6,Documentary
"WASH HEAVENLY","2005-05-26 09:24:26",R,161,7,Commentaries,9,Foreign
"WASTELAND DIVINE","2005-07-31 14:00:53",PG,85,7,"Trailers,Deleted Scenes,Behind the Scenes",4,Classics
"WATCH TRACY","2005-07-28 18:06:46",PG,78,5,"Trailers,Deleted Scenes,Behind the Scenes",2,Animation
"WATERFRONT DELIVERANCE","2005-07-30 17:11:58",G,61,4,"Behind the Scenes",1,Action
"WATERSHIP FRONTIER","2005-07-27 04:11:40",G,112,6,Commentaries,11,Horror
"WEDDING APOLLO","2005-07-09 15:38:09",PG,70,3,Trailers,6,Documentary
"WEEKEND PERSONAL","2005-06-20 12:02:05",R,134,5,"Trailers,Commentaries,Deleted Scenes,Behind the Scenes",14,Sci-Fi
"WEREWOLF LOLA","2005-05-30 10:38:37",G,79,6,"Trailers,Behind the Scenes",1,Action
"WEST LION","2005-08-01 17:09:59",G,159,4,Trailers,7,Drama
"WESTWARD SEABISCUIT","2005-06-16 09:10:06",NC-17,52,7,"Commentaries,Deleted Scenes",4,Classics
"WHALE BIKINI","2005-05-25 02:40:21",PG-13,109,4,"Commentaries,Deleted Scenes,Behind the Scenes",9,Foreign
"WHISPERER GIANT","2005-05-28 15:50:07",PG-13,59,4,"Trailers,Deleted Scenes",14,Sci-Fi
"WIFE TURN","2005-05-28 10:56:09",NC-17,183,3,"Deleted Scenes,Behind the Scenes",6,Documentary
"WILD APOLLO","2005-07-28 15:43:32",R,181,4,"Trailers,Commentaries,Deleted Scenes,Behind the Scenes",13,New
"WILLOW TRACY","2005-07-29 21:28:19",R,137,6,"Trailers,Commentaries,Behind the Scenes",8,Family
"WIND PHANTOM","2005-05-25 04:51:46",R,111,6,"Commentaries,Deleted Scenes",10,Games
"WINDOW SIDE","2005-06-16 04:53:21",R,85,3,"Deleted Scenes,Behind the Scenes",16,Travel
"WISDOM WORKER","2005-07-28 08:28:51",R,98,3,"Deleted Scenes,Behind the Scenes",5,Comedy
"WITCHES PANIC","2005-05-30 15:36:57",NC-17,100,6,"Commentaries,Behind the Scenes",7,Drama
"WIZARD COLDBLOODED","2005-06-16 07:48:50",PG,75,4,"Commentaries,Deleted Scenes,Behind the Scenes",12,Music
"WOLVES DESIRE","2005-06-20 20:27:18",NC-17,55,7,"Behind the Scenes",16,Travel
"WOMEN DORADO","2005-07-07 15:36:44",R,126,4,"Deleted Scenes,Behind the Scenes",1,Action
"WON DARES","2005-07-12 16:06:00",PG,105,7,"Behind the Scenes",12,Music
"WONDERFUL DROP","2005-06-18 08:51:29",NC-17,126,3,Commentaries,9,Foreign
"WONDERLAND CHRISTMAS","2005-07-06 14:00:41",PG,111,4,Commentaries,14,Sci-Fi
"WONKA SEA","2005-06-18 23:48:47",NC-17,85,6,"Trailers,Commentaries",2,Animation
"WORDS HUNTER","2005-07-12 03:11:23",PG,116,3,"Trailers,Commentaries,Deleted Scenes",12,Music
"WORKER TARZAN","2005-07-30 12:43:24",R,139,7,"Trailers,Commentaries,Behind the Scenes",16,Travel
"WORKING MICROCOSMOS","2005-06-15 06:21:30",R,74,4,"Commentaries,Deleted Scenes",16,Travel
"WORLD LEATHERNECKS","2005-06-16 03:31:39",PG-13,171,3,"Trailers,Behind the Scenes",11,Horror
"WORST BANGER","2005-07-30 09:24:18",PG,185,4,"Deleted Scenes,Behind the Scenes",1,Action
"WRATH MILE","2005-07-10 04:00:31",NC-17,176,5,"Trailers,Commentaries",6,Documentary
"WRONG BEHAVIOR","2005-07-29 17:31:40",PG-13,178,6,"Trailers,Behind the Scenes",3,Children
"WYOMING STORM","2005-05-29 20:14:34",PG-13,100,6,"Deleted Scenes",13,New
"YENTL IDAHO","2005-07-07 19:21:19",R,86,5,"Trailers,Commentaries,Deleted Scenes",11,Horror
"YOUNG LANGUAGE","2005-07-08 23:51:26",G,183,6,"Trailers,Behind the Scenes",6,Documentary
"YOUTH KICK","2005-07-27 10:21:15",NC-17,179,4,"Trailers,Behind the Scenes",12,Music
"ZHIVAGO CORE","2005-06-17 03:19:20",NC-17,105,6,"Deleted Scenes",11,Horror
"ZOOLANDER FICTION","2005-07-06 11:40:27",R,101,5,"Trailers,Deleted Scenes",3,Children
"ZORRO ARK","2005-07-12 21:46:33",NC-17,50,3,"Trailers,Commentaries,Behind the Scenes",5,Comedy
